Scenario,Condition,Seed,VehicleRecords,MaxOccupancy,MeanOccupancy,LastTimestamp
Festival,Poisson,1,1228,8.0,2.5464169381107493,3598.0
Festival,Poisson,2,1027,6.0,1.9698149951314508,3599.0
Festival,Poisson,3,734,5.0,1.6553133514986376,3597.0
Festival,Poisson,4,821,8.0,2.297198538367844,3593.0
Festival,Poisson,5,1148,9.0,2.211672473867596,3595.0
Festival,Poisson,6,1223,8.0,2.7187244480784956,3597.0
Festival,Poisson,7,1274,8.0,2.0306122448979593,3594.0
Festival,Poisson,8,894,6.0,1.9530201342281879,3593.0
Festival,Poisson,9,1269,9.0,2.4113475177304964,3596.0
Festival,Poisson,10,1023,8.0,2.4868035190615836,3595.0
Festival,Poisson,11,1003,8.0,1.7228315054835492,3599.0
Festival,Poisson,12,978,8.0,1.8967280163599183,3596.0
Festival,Poisson,13,1181,7.0,1.9754445385266723,3597.0
Festival,Poisson,14,998,8.0,2.5741482965931866,3597.0
Festival,Poisson,15,1209,8.0,2.2241521918941274,3598.0
Festival,Poisson,16,1243,8.0,2.1834271922767496,3596.0
Festival,Poisson,17,1160,7.0,2.05948275862069,3599.0
Festival,Poisson,18,1287,8.0,2.2556332556332555,3599.0
Festival,Poisson,19,1200,9.0,2.2675,3596.0
Festival,Poisson,20,1097,6.0,1.828623518687329,3599.0
Festival,Poisson,21,1280,8.0,2.27421875,3595.0
Festival,Poisson,22,1536,8.0,2.3268229166666665,3596.0
Festival,Poisson,23,1186,8.0,1.966273187183811,3597.0
Festival,Poisson,24,1037,7.0,1.814850530376085,3590.0
Festival,Poisson,25,1107,8.0,2.5519421860885276,3513.0
Festival,Poisson,26,1107,8.0,2.4101174345076783,3597.0
Festival,Poisson,27,1087,8.0,2.347746090156394,3459.0
Festival,Poisson,28,1138,8.0,1.7917398945518452,3596.0
Festival,Poisson,29,792,8.0,1.755050505050505,3597.0
Festival,Poisson,30,1074,6.0,2.021415270018622,3598.0
Festival,Poisson,31,1163,6.0,2.0859845227858984,3599.0
Festival,Poisson,32,1322,9.0,2.4848714069591527,3595.0
Festival,Poisson,33,1135,7.0,2.239647577092511,3595.0
Festival,Poisson,34,1268,8.0,2.3146687697160884,3599.0
Festival,Poisson,35,958,6.0,1.951983298538622,3599.0
Festival,Poisson,36,1238,9.0,2.4434571890145396,3593.0
Festival,Poisson,37,1100,8.0,2.0654545454545454,3598.0
Festival,Poisson,38,991,9.0,2.8435923309788094,3599.0
Festival,Poisson,39,1494,8.0,2.2958500669344044,3598.0
Festival,Poisson,40,1071,7.0,1.9869281045751634,3599.0
Festival,Poisson,41,1239,9.0,2.3535108958837774,3596.0
Festival,Poisson,42,1453,9.0,2.4796971782518926,3598.0
Festival,Poisson,43,1167,9.0,2.0865467009425878,3595.0
Festival,Poisson,44,1298,8.0,2.1186440677966103,3598.0
Festival,Poisson,45,1061,8.0,2.0273327049952874,3599.0
Festival,Poisson,46,857,8.0,1.910151691948658,3599.0
Festival,Poisson,47,784,9.0,2.4808673469387754,3594.0
Festival,Poisson,48,1201,9.0,2.6402997502081598,3599.0
Festival,Poisson,49,1125,8.0,2.119111111111111,3592.0
Festival,Poisson,50,982,8.0,2.6710794297352343,3591.0
Festival,Poisson,51,799,6.0,1.8798498122653318,3598.0
Festival,Poisson,52,1086,8.0,2.059852670349908,3598.0
Festival,Poisson,53,1082,7.0,2.1404805914972274,3599.0
Festival,Poisson,54,785,8.0,2.0089171974522295,3592.0
Festival,Poisson,55,1075,8.0,2.2306976744186047,3598.0
Festival,Poisson,56,922,7.0,1.7516268980477223,3595.0
Festival,Poisson,57,1235,8.0,1.8607287449392713,3596.0
Festival,Poisson,58,1065,9.0,2.744600938967136,3599.0
Festival,Poisson,59,815,9.0,2.3901840490797546,3595.0
Festival,Poisson,60,1158,7.0,2.224525043177893,3596.0
Festival,Poisson,61,1144,7.0,2.2517482517482517,3598.0
Festival,Poisson,62,1074,9.0,2.3277467411545625,3593.0
Festival,Poisson,63,1245,8.0,2.185542168674699,3597.0
Festival,Poisson,64,1030,9.0,2.341747572815534,3599.0
Festival,Poisson,65,1211,7.0,1.9454995871180842,3596.0
Festival,Poisson,66,1229,8.0,2.0081366965012206,3591.0
Festival,Poisson,67,1117,6.0,2.080572963294539,3593.0
Festival,Poisson,68,1079,6.0,2.0861909175162188,3598.0
Festival,Poisson,69,1258,9.0,2.350556438791733,3598.0
Festival,Poisson,70,1071,8.0,2.23062558356676,3593.0
Festival,Poisson,71,1025,7.0,1.7892682926829269,3599.0
Festival,Poisson,72,1228,6.0,1.8656351791530945,3594.0
Festival,Poisson,73,1069,8.0,2.694106641721235,3595.0
Festival,Poisson,74,1232,8.0,2.4001623376623376,3598.0
Festival,Poisson,75,796,6.0,1.8454773869346734,3595.0
Festival,Poisson,76,833,7.0,2.3625450180072027,3599.0
Festival,Poisson,77,1118,7.0,1.9695885509838997,3591.0
Festival,Poisson,78,1041,7.0,1.9068203650336215,3595.0
Festival,Poisson,79,1209,8.0,1.9743589743589745,3598.0
Festival,Poisson,80,1019,8.0,2.017664376840039,3597.0
Festival,Poisson,81,1170,8.0,1.988888888888889,3599.0
Festival,Poisson,82,990,8.0,2.392929292929293,3595.0
Festival,Poisson,83,1255,8.0,2.256573705179283,3594.0
Festival,Poisson,84,1502,9.0,2.114513981358189,3598.0
Festival,Poisson,85,1214,9.0,2.518121911037891,3598.0
Festival,Poisson,86,1246,7.0,2.331460674157303,3599.0
Festival,Poisson,87,1159,7.0,2.1311475409836067,3593.0
Festival,Poisson,88,1023,7.0,2.0117302052785924,3599.0
Festival,Poisson,89,1253,7.0,1.794094173982442,3599.0
Festival,Poisson,90,1143,8.0,2.3972003499562553,3599.0
Festival,Poisson,91,1312,7.0,2.330030487804878,3599.0
Festival,Poisson,92,1243,7.0,2.416733708769107,3599.0
Festival,Poisson,93,1292,9.0,2.3560371517027865,3596.0
Festival,Poisson,94,1159,6.0,1.7903364969801554,3598.0
Festival,Poisson,95,1036,9.0,2.2393822393822393,3598.0
Festival,Poisson,96,993,8.0,2.2527693856998994,3598.0
Festival,Poisson,97,1135,7.0,1.7841409691629957,3599.0
Festival,Poisson,98,1011,8.0,2.2759643916913945,3598.0
Festival,Poisson,99,1047,7.0,2.3486150907354344,3590.0
Festival,Poisson,100,1300,8.0,2.226923076923077,3598.0
Festival,Synchronized,1,1304,9.0,2.4317484662576687,3593.0
Festival,Synchronized,2,1097,8.0,1.9589790337283501,3599.0
Festival,Synchronized,3,634,7.0,1.9305993690851735,3597.0
Festival,Synchronized,4,790,7.0,2.329113924050633,3593.0
Festival,Synchronized,5,1139,6.0,1.794556628621598,3595.0
Festival,Synchronized,6,1209,9.0,2.62944582299421,3597.0
Festival,Synchronized,7,1167,9.0,2.335904027420737,3594.0
Festival,Synchronized,8,860,6.0,1.8651162790697675,3593.0
Festival,Synchronized,9,1150,9.0,2.4078260869565216,3596.0
Festival,Synchronized,10,1034,8.0,2.288201160541586,3599.0
Festival,Synchronized,11,981,9.0,1.8756371049949032,3592.0
Festival,Synchronized,12,1053,8.0,1.9278252611585944,3599.0
Festival,Synchronized,13,1106,7.0,2.0587703435804703,3597.0
Festival,Synchronized,14,920,7.0,2.1858695652173914,3595.0
Festival,Synchronized,15,1182,8.0,2.436548223350254,3598.0
Festival,Synchronized,16,1233,8.0,2.121654501216545,3598.0
Festival,Synchronized,17,1161,8.0,2.404823428079242,3599.0
Festival,Synchronized,18,1254,7.0,2.2655502392344498,3596.0
Festival,Synchronized,19,1134,6.0,1.8756613756613756,3597.0
Festival,Synchronized,20,1117,8.0,1.9230080572963295,3598.0
Festival,Synchronized,21,1274,9.0,2.160910518053375,3595.0
Festival,Synchronized,22,1461,7.0,2.518822724161533,3596.0
Festival,Synchronized,23,1172,7.0,1.9146757679180888,3597.0
Festival,Synchronized,24,1126,5.0,1.6793960923623446,3599.0
Festival,Synchronized,25,1161,9.0,2.483204134366925,3523.0
Festival,Synchronized,26,1284,9.0,2.4688473520249223,3597.0
Festival,Synchronized,27,1156,9.0,2.375432525951557,3459.0
Festival,Synchronized,28,1027,9.0,2.059396299902629,3596.0
Festival,Synchronized,29,926,9.0,2.251619870410367,3598.0
Festival,Synchronized,30,1064,9.0,2.3016917293233083,3598.0
Festival,Synchronized,31,1173,9.0,2.393009377664109,3599.0
Festival,Synchronized,32,1300,9.0,2.4946153846153845,3592.0
Festival,Synchronized,33,1087,8.0,2.238270469181233,3597.0
Festival,Synchronized,34,1304,9.0,2.3627300613496933,3597.0
Festival,Synchronized,35,915,8.0,1.9934426229508198,3599.0
Festival,Synchronized,36,1292,9.0,2.3691950464396285,3598.0
Festival,Synchronized,37,1052,9.0,2.192015209125475,3598.0
Festival,Synchronized,38,1189,9.0,2.105130361648444,3597.0
Festival,Synchronized,39,1446,8.0,2.172199170124481,3596.0
Festival,Synchronized,40,1094,7.0,1.8893967093235833,3598.0
Festival,Synchronized,41,1260,9.0,2.2936507936507935,3596.0
Festival,Synchronized,42,1392,8.0,2.1594827586206895,3599.0
Festival,Synchronized,43,1080,9.0,2.1444444444444444,3595.0
Festival,Synchronized,44,1131,8.0,2.055702917771883,3597.0
Festival,Synchronized,45,1055,9.0,2.1819905213270143,3596.0
Festival,Synchronized,46,775,8.0,2.247741935483871,3599.0
Festival,Synchronized,47,947,9.0,2.078141499472017,3599.0
Festival,Synchronized,48,1290,7.0,1.9697674418604652,3599.0
Festival,Synchronized,49,1098,8.0,2.1593806921675776,3592.0
Festival,Synchronized,50,957,7.0,2.2998955067920583,3591.0
Festival,Synchronized,51,845,9.0,1.860355029585799,3598.0
Festival,Synchronized,52,1114,8.0,1.9820466786355475,3599.0
Festival,Synchronized,53,1022,6.0,1.9833659491193738,3599.0
Festival,Synchronized,54,753,8.0,1.956175298804781,3595.0
Festival,Synchronized,55,1118,8.0,2.118067978533095,3593.0
Festival,Synchronized,56,867,9.0,1.8154555940023067,3592.0
Festival,Synchronized,57,1211,8.0,1.9149463253509496,3596.0
Festival,Synchronized,58,1173,9.0,2.720375106564365,3599.0
Festival,Synchronized,59,794,9.0,2.234256926952141,3595.0
Festival,Synchronized,60,1321,7.0,2.1725965177895534,3596.0
Festival,Synchronized,61,1196,9.0,2.3729096989966556,3597.0
Festival,Synchronized,62,1062,9.0,2.35969868173258,3597.0
Festival,Synchronized,63,1146,9.0,2.1858638743455496,3599.0
Festival,Synchronized,64,996,8.0,2.566265060240964,3599.0
Festival,Synchronized,65,1087,7.0,2.262189512419503,3599.0
Festival,Synchronized,66,1119,8.0,1.9159964253798034,3591.0
Festival,Synchronized,67,988,6.0,2.0516194331983804,3593.0
Festival,Synchronized,68,1182,7.0,1.7055837563451777,3598.0
Festival,Synchronized,69,1148,9.0,2.456445993031359,3597.0
Festival,Synchronized,70,1034,9.0,2.3471953578336557,3593.0
Festival,Synchronized,71,1115,7.0,2.065470852017937,3599.0
Festival,Synchronized,72,1263,7.0,1.8155186064924782,3594.0
Festival,Synchronized,73,1107,9.0,2.091237579042457,3595.0
Festival,Synchronized,74,1242,9.0,2.5128824476650564,3598.0
Festival,Synchronized,75,822,8.0,2.0304136253041363,3595.0
Festival,Synchronized,76,851,6.0,2.09165687426557,3599.0
Festival,Synchronized,77,1104,7.0,1.923913043478261,3596.0
Festival,Synchronized,78,912,9.0,2.286184210526316,3595.0
Festival,Synchronized,79,1246,8.0,1.7295345104333868,3595.0
Festival,Synchronized,80,924,9.0,2.0833333333333335,3597.0
Festival,Synchronized,81,1210,9.0,2.1264462809917357,3598.0
Festival,Synchronized,82,1124,8.0,2.477758007117438,3591.0
Festival,Synchronized,83,1244,8.0,2.4236334405144695,3594.0
Festival,Synchronized,84,1396,9.0,2.0959885386819486,3598.0
Festival,Synchronized,85,1184,9.0,2.2567567567567566,3594.0
Festival,Synchronized,86,1131,7.0,2.2679045092838197,3599.0
Festival,Synchronized,87,1108,9.0,2.476534296028881,3593.0
Festival,Synchronized,88,1042,9.0,2.1122840690978886,3597.0
Festival,Synchronized,89,1181,7.0,2.149026248941575,3598.0
Festival,Synchronized,90,1138,9.0,2.4332161687170473,3599.0
Festival,Synchronized,91,1322,7.0,2.3479576399394855,3597.0
Festival,Synchronized,92,1252,7.0,2.4648562300319488,3594.0
Festival,Synchronized,93,1409,9.0,2.022711142654365,3598.0
Festival,Synchronized,94,1002,9.0,2.2105788423153694,3597.0
Festival,Synchronized,95,1091,6.0,2.0146654445462877,3598.0
Festival,Synchronized,96,1060,7.0,1.9264150943396225,3598.0
Festival,Synchronized,97,1090,7.0,1.771559633027523,3596.0
Festival,Synchronized,98,1014,7.0,2.326429980276134,3598.0
Festival,Synchronized,99,1087,9.0,2.145354185832567,3595.0
Festival,Synchronized,100,1349,8.0,2.167531504818384,3598.0
Festival,Uniform,1,1155,7.0,2.3064935064935064,3593.0
Festival,Uniform,2,1025,8.0,2.064390243902439,3599.0
Festival,Uniform,3,677,5.0,1.6602658788774003,3597.0
Festival,Uniform,4,906,7.0,1.9326710816777042,3597.0
Festival,Uniform,5,1146,8.0,2.450261780104712,3595.0
Festival,Uniform,6,1276,9.0,2.4788401253918497,3597.0
Festival,Uniform,7,1209,8.0,2.1546732837055416,3594.0
Festival,Uniform,8,886,6.0,1.9514672686230248,3593.0
Festival,Uniform,9,1282,8.0,2.128705148205928,3596.0
Festival,Uniform,10,965,8.0,2.483937823834197,3595.0
Festival,Uniform,11,998,8.0,1.6382765531062125,3599.0
Festival,Uniform,12,1013,8.0,1.8084896347482724,3598.0
Festival,Uniform,13,1156,7.0,2.0164359861591694,3597.0
Festival,Uniform,14,946,9.0,2.548625792811839,3598.0
Festival,Uniform,15,1197,9.0,2.3266499582289057,3598.0
Festival,Uniform,16,1227,8.0,2.328443357783211,3596.0
Festival,Uniform,17,1117,8.0,2.2820053715308863,3599.0
Festival,Uniform,18,1238,9.0,2.7140549273021,3599.0
Festival,Uniform,19,1128,7.0,2.0638297872340425,3597.0
Festival,Uniform,20,1121,6.0,1.918822479928635,3599.0
Festival,Uniform,21,1313,7.0,2.07006854531607,3598.0
Festival,Uniform,22,1584,7.0,2.191919191919192,3596.0
Festival,Uniform,23,1176,8.0,1.9523809523809523,3597.0
Festival,Uniform,24,1068,8.0,1.853932584269663,3599.0
Festival,Uniform,25,1149,8.0,2.370757180156658,3513.0
Festival,Uniform,26,1152,9.0,2.4114583333333335,3597.0
Festival,Uniform,27,1181,9.0,2.6545300592718037,3514.0
Festival,Uniform,28,1114,8.0,2.1149012567324954,3596.0
Festival,Uniform,29,833,8.0,1.8391356542617048,3598.0
Festival,Uniform,30,998,7.0,2.2545090180360723,3598.0
Festival,Uniform,31,1150,8.0,2.2886956521739132,3599.0
Festival,Uniform,32,1321,9.0,2.732021196063588,3595.0
Festival,Uniform,33,1184,7.0,2.233108108108108,3599.0
Festival,Uniform,34,1340,7.0,2.416417910447761,3599.0
Festival,Uniform,35,1017,8.0,1.856440511307768,3599.0
Festival,Uniform,36,1248,9.0,2.483173076923077,3598.0
Festival,Uniform,37,1098,9.0,2.6001821493624773,3598.0
Festival,Uniform,38,998,9.0,2.5470941883767537,3597.0
Festival,Uniform,39,1552,7.0,2.095360824742268,3597.0
Festival,Uniform,40,1054,7.0,2.3586337760910814,3598.0
Festival,Uniform,41,1300,9.0,2.477692307692308,3598.0
Festival,Uniform,42,1404,8.0,2.3789173789173788,3599.0
Festival,Uniform,43,1150,8.0,1.971304347826087,3596.0
Festival,Uniform,44,1273,8.0,2.6111547525530243,3598.0
Festival,Uniform,45,1018,8.0,2.287819253438114,3599.0
Festival,Uniform,46,847,6.0,1.6894923258559622,3599.0
Festival,Uniform,47,774,9.0,2.5025839793281652,3594.0
Festival,Uniform,48,1328,9.0,2.2853915662650603,3599.0
Festival,Uniform,49,1113,8.0,2.1823899371069184,3592.0
Festival,Uniform,50,964,9.0,2.559128630705394,3596.0
Festival,Uniform,51,788,6.0,2.0241116751269037,3598.0
Festival,Uniform,52,1033,8.0,2.1122942884801548,3599.0
Festival,Uniform,53,1048,6.0,2.049618320610687,3599.0
Festival,Uniform,54,787,8.0,1.951715374841169,3592.0
Festival,Uniform,55,1066,8.0,2.300187617260788,3593.0
Festival,Uniform,56,919,7.0,1.9140369967355821,3599.0
Festival,Uniform,57,1218,9.0,1.8842364532019704,3597.0
Festival,Uniform,58,1135,9.0,2.6070484581497797,3598.0
Festival,Uniform,59,878,9.0,2.080865603644647,3597.0
Festival,Uniform,60,1184,9.0,2.626689189189189,3596.0
Festival,Uniform,61,1148,7.0,2.322299651567944,3598.0
Festival,Uniform,62,1107,9.0,2.2691960252935863,3593.0
Festival,Uniform,63,1299,8.0,2.0284834488067744,3597.0
Festival,Uniform,64,1066,8.0,2.4530956848030017,3597.0
Festival,Uniform,65,1150,7.0,2.222608695652174,3599.0
Festival,Uniform,66,1171,8.0,2.1460290350128095,3598.0
Festival,Uniform,67,1035,6.0,2.0280193236714976,3598.0
Festival,Uniform,68,1083,6.0,1.9418282548476453,3593.0
Festival,Uniform,69,1201,9.0,1.968359700249792,3598.0
Festival,Uniform,70,1057,8.0,2.4635761589403975,3583.0
Festival,Uniform,71,1059,7.0,2.0670443814919737,3599.0
Festival,Uniform,72,1195,6.0,1.895397489539749,3599.0
Festival,Uniform,73,1197,7.0,2.2013366750208854,3593.0
Festival,Uniform,74,1239,8.0,2.278450363196126,3598.0
Festival,Uniform,75,839,7.0,2.038140643623361,3595.0
Festival,Uniform,76,991,7.0,2.2098890010090817,3599.0
Festival,Uniform,77,1068,7.0,2.405430711610487,3596.0
Festival,Uniform,78,998,7.0,2.038076152304609,3595.0
Festival,Uniform,79,1189,8.0,2.0403700588730027,3598.0
Festival,Uniform,80,1034,7.0,1.9642166344294003,3590.0
Festival,Uniform,81,1159,8.0,2.17083692838654,3595.0
Festival,Uniform,82,1113,9.0,2.4141958670260557,3593.0
Festival,Uniform,83,1301,8.0,2.240584166026134,3598.0
Festival,Uniform,84,1534,8.0,1.9126466753585398,3597.0
Festival,Uniform,85,1268,9.0,2.369085173501577,3598.0
Festival,Uniform,86,1187,7.0,2.256950294860994,3599.0
Festival,Uniform,87,1195,7.0,2.189121338912134,3593.0
Festival,Uniform,88,934,7.0,2.126338329764454,3597.0
Festival,Uniform,89,1211,7.0,1.9694467382328653,3599.0
Festival,Uniform,90,1244,7.0,2.2765273311897105,3598.0
Festival,Uniform,91,1239,8.0,2.443906376109766,3597.0
Festival,Uniform,92,1332,7.0,2.3115615615615615,3599.0
Festival,Uniform,93,1382,9.0,2.1635311143270624,3598.0
Festival,Uniform,94,1065,7.0,1.8967136150234742,3597.0
Festival,Uniform,95,1041,8.0,2.0297790585975024,3598.0
Festival,Uniform,96,1026,9.0,2.2144249512670564,3598.0
Festival,Uniform,97,1114,7.0,1.7926391382405744,3596.0
Festival,Uniform,98,1080,9.0,2.414814814814815,3598.0
Festival,Uniform,99,1128,8.0,2.0921985815602837,3595.0
Festival,Uniform,100,1392,8.0,1.8771551724137931,3595.0
Holiday,Poisson,1,1111,8.0,2.7182718271827184,3598.0
Holiday,Poisson,2,989,6.0,2.032355915065723,3599.0
Holiday,Poisson,3,627,8.0,1.8660287081339713,3597.0
Holiday,Poisson,4,917,6.0,1.9825517993456925,3593.0
Holiday,Poisson,5,1216,8.0,2.338815789473684,3595.0
Holiday,Poisson,6,1197,8.0,2.5338345864661656,3597.0
Holiday,Poisson,7,1194,8.0,2.2278056951423784,3599.0
Holiday,Poisson,8,898,6.0,1.824053452115813,3593.0
Holiday,Poisson,9,1114,9.0,2.342908438061041,3598.0
Holiday,Poisson,10,1013,8.0,2.8499506416584404,3599.0
Holiday,Poisson,11,1006,6.0,1.614314115308151,3592.0
Holiday,Poisson,12,975,8.0,2.01025641025641,3599.0
Holiday,Poisson,13,1191,6.0,1.8547439126784215,3597.0
Holiday,Poisson,14,1006,8.0,2.430417495029821,3595.0
Holiday,Poisson,15,1180,9.0,2.3330508474576273,3598.0
Holiday,Poisson,16,1208,9.0,1.9627483443708609,3598.0
Holiday,Poisson,17,1147,9.0,2.4908456843940714,3599.0
Holiday,Poisson,18,1297,7.0,1.9861218195836545,3596.0
Holiday,Poisson,19,1195,7.0,2.0736401673640166,3596.0
Holiday,Poisson,20,1215,8.0,1.9530864197530864,3598.0
Holiday,Poisson,21,1267,9.0,2.462509865824783,3598.0
Holiday,Poisson,22,1597,7.0,2.505948653725736,3596.0
Holiday,Poisson,23,1185,8.0,1.778902953586498,3597.0
Holiday,Poisson,24,1118,8.0,1.930232558139535,3599.0
Holiday,Poisson,25,1239,8.0,2.4560129136400324,3513.0
Holiday,Poisson,26,1181,8.0,2.527519051651143,3597.0
Holiday,Poisson,27,1153,8.0,2.209019947961839,3506.0
Holiday,Poisson,28,1091,8.0,2.0137488542621447,3596.0
Holiday,Poisson,29,1000,8.0,1.695,3598.0
Holiday,Poisson,30,1037,7.0,2.116682738669238,3593.0
Holiday,Poisson,31,1158,8.0,1.9585492227979275,3594.0
Holiday,Poisson,32,1196,9.0,2.572742474916388,3595.0
Holiday,Poisson,33,1115,7.0,2.0780269058295966,3594.0
Holiday,Poisson,34,1393,6.0,2.059583632447954,3599.0
Holiday,Poisson,35,981,7.0,2.1855249745158,3599.0
Holiday,Poisson,36,1186,9.0,2.5008431703204046,3595.0
Holiday,Poisson,37,1111,9.0,2.187218721872187,3597.0
Holiday,Poisson,38,1150,9.0,2.4756521739130433,3598.0
Holiday,Poisson,39,1514,8.0,2.3936591809775427,3597.0
Holiday,Poisson,40,1034,9.0,1.9497098646034816,3598.0
Holiday,Poisson,41,1236,9.0,2.377831715210356,3596.0
Holiday,Poisson,42,1454,8.0,2.1650618982118295,3599.0
Holiday,Poisson,43,1109,8.0,2.053201082055906,3595.0
Holiday,Poisson,44,1226,9.0,2.4486133768352367,3598.0
Holiday,Poisson,45,1009,9.0,2.8820614469772052,3596.0
Holiday,Poisson,46,810,8.0,1.8049382716049382,3599.0
Holiday,Poisson,47,1106,8.0,1.8227848101265822,3597.0
Holiday,Poisson,48,1183,9.0,2.411665257819104,3597.0
Holiday,Poisson,49,1107,8.0,2.177055103884372,3592.0
Holiday,Poisson,50,1061,7.0,2.1206409048067862,3591.0
Holiday,Poisson,51,892,7.0,1.5582959641255605,3598.0
Holiday,Poisson,52,1075,8.0,2.3693023255813954,3599.0
Holiday,Poisson,53,1035,9.0,2.3951690821256038,3599.0
Holiday,Poisson,54,801,8.0,1.9488139825218478,3592.0
Holiday,Poisson,55,1059,9.0,2.2738432483474975,3598.0
Holiday,Poisson,56,894,5.0,1.5939597315436242,3596.0
Holiday,Poisson,57,1213,8.0,1.9192085737840066,3593.0
Holiday,Poisson,58,1089,8.0,2.5528007346189163,3594.0
Holiday,Poisson,59,884,9.0,2.274886877828054,3595.0
Holiday,Poisson,60,1166,8.0,2.3087478559176673,3596.0
Holiday,Poisson,61,1170,6.0,2.0358974358974358,3598.0
Holiday,Poisson,62,1038,9.0,2.340077071290944,3593.0
Holiday,Poisson,63,1377,8.0,2.063907044299201,3597.0
Holiday,Poisson,64,994,8.0,2.1388329979879277,3599.0
Holiday,Poisson,65,1155,7.0,2.1619047619047618,3598.0
Holiday,Poisson,66,1133,8.0,2.35216240070609,3592.0
Holiday,Poisson,67,1042,6.0,1.9568138195777351,3593.0
Holiday,Poisson,68,1064,6.0,2.0657894736842106,3598.0
Holiday,Poisson,69,1192,9.0,2.4093959731543624,3598.0
Holiday,Poisson,70,1057,9.0,2.0359508041627246,3598.0
Holiday,Poisson,71,1036,8.0,2.19015444015444,3599.0
Holiday,Poisson,72,1296,6.0,1.8410493827160495,3594.0
Holiday,Poisson,73,1060,6.0,2.1245283018867926,3593.0
Holiday,Poisson,74,1237,8.0,2.1932093775262733,3598.0
Holiday,Poisson,75,893,7.0,2.0201567749160136,3596.0
Holiday,Poisson,76,916,7.0,2.076419213973799,3599.0
Holiday,Poisson,77,1170,7.0,2.058119658119658,3593.0
Holiday,Poisson,78,1050,7.0,2.059047619047619,3595.0
Holiday,Poisson,79,1219,8.0,2.0024610336341264,3598.0
Holiday,Poisson,80,992,8.0,1.84375,3597.0
Holiday,Poisson,81,1134,8.0,2.2257495590828924,3599.0
Holiday,Poisson,82,1130,8.0,2.5247787610619468,3598.0
Holiday,Poisson,83,1320,8.0,2.003787878787879,3598.0
Holiday,Poisson,84,1345,9.0,2.1784386617100373,3598.0
Holiday,Poisson,85,1238,9.0,2.355411954765751,3598.0
Holiday,Poisson,86,1190,9.0,2.477310924369748,3599.0
Holiday,Poisson,87,1082,8.0,2.4621072088724585,3593.0
Holiday,Poisson,88,999,9.0,2.3763763763763763,3597.0
Holiday,Poisson,89,1136,9.0,2.425176056338028,3597.0
Holiday,Poisson,90,1285,8.0,2.192217898832685,3599.0
Holiday,Poisson,91,1217,9.0,2.6187345932621198,3599.0
Holiday,Poisson,92,1355,7.0,2.4708487084870847,3595.0
Holiday,Poisson,93,1490,8.0,2.164429530201342,3596.0
Holiday,Poisson,94,1097,7.0,1.9808568824065633,3598.0
Holiday,Poisson,95,1148,6.0,1.9695121951219512,3598.0
Holiday,Poisson,96,1080,8.0,2.0407407407407407,3593.0
Holiday,Poisson,97,1147,7.0,1.7837837837837838,3599.0
Holiday,Poisson,98,1017,8.0,2.2782694198623403,3598.0
Holiday,Poisson,99,1146,7.0,2.3394415357766145,3591.0
Holiday,Poisson,100,1361,8.0,2.1601763409257897,3598.0
Holiday,Synchronized,1,1203,8.0,2.493765586034913,3593.0
Holiday,Synchronized,2,1019,8.0,1.9911678115799805,3599.0
Holiday,Synchronized,3,752,6.0,1.699468085106383,3597.0
Holiday,Synchronized,4,895,7.0,2.164245810055866,3593.0
Holiday,Synchronized,5,1166,8.0,1.7590051457975986,3595.0
Holiday,Synchronized,6,1197,9.0,2.5588972431077694,3597.0
Holiday,Synchronized,7,1219,8.0,2.0270713699753897,3599.0
Holiday,Synchronized,8,849,9.0,2.0094228504122498,3593.0
Holiday,Synchronized,9,1116,9.0,2.338709677419355,3598.0
Holiday,Synchronized,10,1071,8.0,2.0802987861811393,3595.0
Holiday,Synchronized,11,963,8.0,1.9968847352024923,3599.0
Holiday,Synchronized,12,989,8.0,2.021233569261881,3599.0
Holiday,Synchronized,13,1211,6.0,1.8769611890999174,3597.0
Holiday,Synchronized,14,1033,9.0,2.291384317521781,3594.0
Holiday,Synchronized,15,1160,8.0,2.3,3598.0
Holiday,Synchronized,16,1167,9.0,2.2065124250214225,3598.0
Holiday,Synchronized,17,1200,8.0,2.345,3594.0
Holiday,Synchronized,18,1180,9.0,2.6152542372881356,3599.0
Holiday,Synchronized,19,1180,9.0,1.9864406779661017,3596.0
Holiday,Synchronized,20,1120,9.0,2.2401785714285714,3598.0
Holiday,Synchronized,21,1294,7.0,2.462132921174652,3595.0
Holiday,Synchronized,22,1590,9.0,2.362893081761006,3598.0
Holiday,Synchronized,23,1182,9.0,1.8434856175972927,3597.0
Holiday,Synchronized,24,1210,6.0,1.6082644628099174,3590.0
Holiday,Synchronized,25,1277,9.0,2.4205168363351603,3588.0
Holiday,Synchronized,26,1321,9.0,2.8115064345193037,3597.0
Holiday,Synchronized,27,1069,8.0,2.3554724041159965,3434.0
Holiday,Synchronized,28,1162,8.0,1.8003442340791738,3596.0
Holiday,Synchronized,29,882,8.0,2.0215419501133787,3597.0
Holiday,Synchronized,30,1183,7.0,2.1166525781910397,3598.0
Holiday,Synchronized,31,1113,9.0,2.2219227313566936,3599.0
Holiday,Synchronized,32,1278,9.0,2.8067292644757433,3596.0
Holiday,Synchronized,33,1186,7.0,2.172849915682968,3598.0
Holiday,Synchronized,34,1232,9.0,2.166396103896104,3597.0
Holiday,Synchronized,35,1003,8.0,1.8195413758723828,3594.0
Holiday,Synchronized,36,1195,9.0,2.2543933054393306,3598.0
Holiday,Synchronized,37,1124,8.0,2.354982206405694,3598.0
Holiday,Synchronized,38,1119,7.0,2.2645218945487042,3594.0
Holiday,Synchronized,39,1389,8.0,2.2858171346292298,3597.0
Holiday,Synchronized,40,1127,7.0,2.1366459627329193,3595.0
Holiday,Synchronized,41,1217,9.0,2.2325390304026294,3596.0
Holiday,Synchronized,42,1407,7.0,2.1279317697228146,3599.0
Holiday,Synchronized,43,1138,8.0,1.7741652021089631,3595.0
Holiday,Synchronized,44,1201,8.0,2.2939217318900917,3598.0
Holiday,Synchronized,45,993,8.0,2.4431017119838874,3598.0
Holiday,Synchronized,46,813,9.0,1.7761377613776137,3599.0
Holiday,Synchronized,47,1077,8.0,2.0965645311049212,3596.0
Holiday,Synchronized,48,1286,6.0,2.181959564541213,3597.0
Holiday,Synchronized,49,1122,8.0,1.9224598930481283,3592.0
Holiday,Synchronized,50,1064,9.0,2.351503759398496,3596.0
Holiday,Synchronized,51,843,8.0,1.833926453143535,3598.0
Holiday,Synchronized,52,1161,8.0,2.008613264427218,3599.0
Holiday,Synchronized,53,1052,7.0,2.283269961977186,3599.0
Holiday,Synchronized,54,784,8.0,1.9017857142857142,3592.0
Holiday,Synchronized,55,1049,8.0,2.2945662535748332,3598.0
Holiday,Synchronized,56,988,6.0,1.5809716599190284,3595.0
Holiday,Synchronized,57,1232,8.0,1.9301948051948052,3596.0
Holiday,Synchronized,58,1142,8.0,2.3992994746059546,3599.0
Holiday,Synchronized,59,802,9.0,2.458852867830424,3595.0
Holiday,Synchronized,60,1358,7.0,2.0581737849779085,3596.0
Holiday,Synchronized,61,1119,8.0,2.3681858802502234,3597.0
Holiday,Synchronized,62,1131,8.0,2.251105216622458,3598.0
Holiday,Synchronized,63,1175,7.0,2.163404255319149,3599.0
Holiday,Synchronized,64,983,8.0,2.199389623601221,3599.0
Holiday,Synchronized,65,1250,9.0,2.1432,3599.0
Holiday,Synchronized,66,1154,8.0,2.1126516464471403,3592.0
Holiday,Synchronized,67,972,8.0,1.9763374485596708,3598.0
Holiday,Synchronized,68,1036,9.0,2.0723938223938223,3593.0
Holiday,Synchronized,69,1118,9.0,2.20304114490161,3598.0
Holiday,Synchronized,70,987,6.0,1.8004052684903749,3593.0
Holiday,Synchronized,71,1063,6.0,1.9106302916274693,3599.0
Holiday,Synchronized,72,1283,9.0,1.8713951675759937,3594.0
Holiday,Synchronized,73,1201,8.0,2.260616153205662,3595.0
Holiday,Synchronized,74,1211,9.0,2.4145334434351775,3598.0
Holiday,Synchronized,75,805,8.0,1.9204968944099379,3595.0
Holiday,Synchronized,76,950,6.0,1.9915789473684211,3599.0
Holiday,Synchronized,77,1177,7.0,2.138487680543755,3596.0
Holiday,Synchronized,78,995,7.0,2.0472361809045228,3595.0
Holiday,Synchronized,79,1227,8.0,1.9494702526487369,3593.0
Holiday,Synchronized,80,1019,7.0,1.8282630029440627,3597.0
Holiday,Synchronized,81,1321,7.0,1.9462528387585163,3594.0
Holiday,Synchronized,82,1130,9.0,2.7194690265486727,3598.0
Holiday,Synchronized,83,1302,8.0,2.1996927803379416,3594.0
Holiday,Synchronized,84,1366,9.0,2.159590043923865,3598.0
Holiday,Synchronized,85,1198,9.0,2.3848080133555927,3599.0
Holiday,Synchronized,86,1164,7.0,2.415807560137457,3599.0
Holiday,Synchronized,87,1194,7.0,2.2830820770519265,3593.0
Holiday,Synchronized,88,1014,7.0,2.165680473372781,3599.0
Holiday,Synchronized,89,1189,8.0,2.3650126156433977,3598.0
Holiday,Synchronized,90,1225,8.0,2.2857142857142856,3599.0
Holiday,Synchronized,91,1238,8.0,2.2092084006462036,3597.0
Holiday,Synchronized,92,1263,9.0,2.4972288202692003,3594.0
Holiday,Synchronized,93,1498,8.0,2.2790387182910545,3596.0
Holiday,Synchronized,94,1132,6.0,1.9090106007067138,3597.0
Holiday,Synchronized,95,1093,6.0,2.0118938700823423,3598.0
Holiday,Synchronized,96,1115,6.0,1.8269058295964125,3598.0
Holiday,Synchronized,97,1058,8.0,1.9716446124763705,3599.0
Holiday,Synchronized,98,1009,9.0,2.2685827552031714,3598.0
Holiday,Synchronized,99,1056,8.0,2.148674242424242,3595.0
Holiday,Synchronized,100,1379,9.0,2.1798404641044233,3598.0
Holiday,Uniform,1,1225,9.0,2.75265306122449,3593.0
Holiday,Uniform,2,997,6.0,1.9538615847542629,3599.0
Holiday,Uniform,3,740,5.0,1.6472972972972972,3597.0
Holiday,Uniform,4,889,8.0,1.9280089988751405,3593.0
Holiday,Uniform,5,1194,6.0,1.92964824120603,3595.0
Holiday,Uniform,6,1160,8.0,2.543103448275862,3597.0
Holiday,Uniform,7,1289,8.0,2.1311093871218,3599.0
Holiday,Uniform,8,930,6.0,1.9322580645161291,3593.0
Holiday,Uniform,9,1192,7.0,1.9807046979865772,3596.0
Holiday,Uniform,10,974,9.0,3.0051334702258727,3599.0
Holiday,Uniform,11,961,7.0,1.8449531737773153,3599.0
Holiday,Uniform,12,1002,8.0,1.998003992015968,3599.0
Holiday,Uniform,13,1163,6.0,1.768701633705933,3597.0
Holiday,Uniform,14,1001,8.0,2.4325674325674327,3595.0
Holiday,Uniform,15,1200,8.0,2.2608333333333333,3598.0
Holiday,Uniform,16,1164,8.0,2.1151202749140894,3598.0
Holiday,Uniform,17,1105,9.0,2.2588235294117647,3599.0
Holiday,Uniform,18,1294,9.0,2.6831530139103554,3599.0
Holiday,Uniform,19,1158,7.0,1.9930915371329878,3597.0
Holiday,Uniform,20,1192,7.0,1.8338926174496644,3599.0
Holiday,Uniform,21,1354,8.0,2.514032496307238,3598.0
Holiday,Uniform,22,1508,7.0,2.2612732095490715,3596.0
Holiday,Uniform,23,1213,8.0,1.8746908491343777,3597.0
Holiday,Uniform,24,1095,9.0,1.9488584474885844,3599.0
Holiday,Uniform,25,1216,9.0,2.5583881578947367,3543.0
Holiday,Uniform,26,1174,9.0,2.692504258943782,3597.0
Holiday,Uniform,27,1150,8.0,2.3617391304347826,3469.0
Holiday,Uniform,28,1189,8.0,1.8805719091673676,3596.0
Holiday,Uniform,29,803,8.0,1.7397260273972603,3597.0
Holiday,Uniform,30,1120,8.0,1.9348214285714285,3598.0
Holiday,Uniform,31,1160,9.0,2.4603448275862068,3599.0
Holiday,Uniform,32,1372,9.0,2.4030612244897958,3590.0
Holiday,Uniform,33,1164,9.0,2.3496563573883162,3595.0
Holiday,Uniform,34,1391,6.0,1.9769949676491732,3599.0
Holiday,Uniform,35,973,8.0,2.05344295991778,3599.0
Holiday,Uniform,36,1206,9.0,2.355721393034826,3598.0
Holiday,Uniform,37,1190,8.0,2.254621848739496,3598.0
Holiday,Uniform,38,1014,7.0,2.1568047337278107,3599.0
Holiday,Uniform,39,1604,9.0,2.121571072319202,3597.0
Holiday,Uniform,40,1110,6.0,2.108108108108108,3598.0
Holiday,Uniform,41,1339,9.0,2.366691560866318,3598.0
Holiday,Uniform,42,1478,8.0,2.540595399188092,3599.0
Holiday,Uniform,43,1103,6.0,2.1631912964641886,3596.0
Holiday,Uniform,44,1219,8.0,2.373256767842494,3598.0
Holiday,Uniform,45,1095,7.0,2.1315068493150684,3598.0
Holiday,Uniform,46,820,8.0,1.9670731707317073,3599.0
Holiday,Uniform,47,1084,8.0,2.032287822878229,3598.0
Holiday,Uniform,48,1194,9.0,2.4179229480737017,3599.0
Holiday,Uniform,49,1144,8.0,2.097027972027972,3592.0
Holiday,Uniform,50,1072,9.0,2.1529850746268657,3591.0
Holiday,Uniform,51,820,5.0,1.7560975609756098,3596.0
Holiday,Uniform,52,1007,8.0,2.2393247269116188,3598.0
Holiday,Uniform,53,1094,6.0,1.9250457038391224,3599.0
Holiday,Uniform,54,808,8.0,1.943069306930693,3592.0
Holiday,Uniform,55,1104,8.0,2.119565217391304,3593.0
Holiday,Uniform,56,933,6.0,1.60021436227224,3595.0
Holiday,Uniform,57,1270,8.0,1.6881889763779527,3595.0
Holiday,Uniform,58,1183,9.0,2.6060862214708367,3599.0
Holiday,Uniform,59,905,9.0,2.1513812154696135,3595.0
Holiday,Uniform,60,1292,9.0,2.595201238390093,3597.0
Holiday,Uniform,61,1124,8.0,2.281138790035587,3597.0
Holiday,Uniform,62,1036,9.0,2.287644787644788,3593.0
Holiday,Uniform,63,1436,6.0,1.871866295264624,3597.0
Holiday,Uniform,64,988,8.0,2.1568825910931175,3599.0
Holiday,Uniform,65,1155,8.0,2.5324675324675323,3597.0
Holiday,Uniform,66,1157,8.0,2.1849611063094208,3591.0
Holiday,Uniform,67,1055,6.0,1.9298578199052132,3593.0
Holiday,Uniform,68,1091,6.0,2.0953253895508706,3598.0
Holiday,Uniform,69,1246,9.0,2.122792937399679,3598.0
Holiday,Uniform,70,1049,9.0,2.157292659675882,3598.0
Holiday,Uniform,71,1092,6.0,2.14010989010989,3599.0
Holiday,Uniform,72,1165,8.0,1.9931330472103004,3599.0
Holiday,Uniform,73,1127,7.0,2.210292812777285,3595.0
Holiday,Uniform,74,1249,8.0,2.1168935148118493,3598.0
Holiday,Uniform,75,904,7.0,2.025442477876106,3596.0
Holiday,Uniform,76,907,8.0,1.9636163175303198,3599.0
Holiday,Uniform,77,1042,7.0,2.378119001919386,3596.0
Holiday,Uniform,78,1089,8.0,2.0955004591368227,3595.0
Holiday,Uniform,79,1247,8.0,1.7923015236567763,3598.0
Holiday,Uniform,80,1009,7.0,2.187314172447968,3592.0
Holiday,Uniform,81,1280,7.0,1.9390625,3598.0
Holiday,Uniform,82,1239,9.0,2.3034705407586764,3596.0
Holiday,Uniform,83,1301,8.0,2.2221368178324368,3594.0
Holiday,Uniform,84,1477,9.0,2.111712931618145,3598.0
Holiday,Uniform,85,1146,9.0,2.641361256544503,3594.0
Holiday,Uniform,86,1200,7.0,2.1433333333333335,3599.0
Holiday,Uniform,87,1153,8.0,2.2038161318300085,3593.0
Holiday,Uniform,88,993,9.0,2.3192346424974826,3597.0
Holiday,Uniform,89,1107,8.0,2.5121951219512195,3599.0
Holiday,Uniform,90,1295,8.0,2.1637065637065636,3599.0
Holiday,Uniform,91,1251,9.0,2.553956834532374,3597.0
Holiday,Uniform,92,1336,7.0,2.3817365269461077,3598.0
Holiday,Uniform,93,1486,8.0,2.244279946164199,3596.0
Holiday,Uniform,94,1091,8.0,2.0348304307974336,3598.0
Holiday,Uniform,95,1040,8.0,2.0451923076923078,3598.0
Holiday,Uniform,96,1023,8.0,2.0117302052785924,3593.0
Holiday,Uniform,97,1162,7.0,1.7753872633390706,3597.0
Holiday,Uniform,98,1017,6.0,2.325467059980334,3596.0
Holiday,Uniform,99,1142,6.0,1.9422066549912433,3590.0
Holiday,Uniform,100,1294,9.0,2.427357032457496,3596.0
Lunch,Poisson,1,1158,7.0,2.489637305699482,3598.0
Lunch,Poisson,2,1087,7.0,2.267709291628335,3599.0
Lunch,Poisson,3,669,5.0,1.811659192825112,3597.0
Lunch,Poisson,4,842,7.0,1.9667458432304037,3596.0
Lunch,Poisson,5,1161,8.0,2.3850129198966408,3595.0
Lunch,Poisson,6,1243,9.0,2.6122284794851165,3597.0
Lunch,Poisson,7,1230,8.0,2.2910569105691057,3598.0
Lunch,Poisson,8,922,5.0,1.8731019522776573,3593.0
Lunch,Poisson,9,1193,7.0,2.1559094719195304,3598.0
Lunch,Poisson,10,1014,8.0,2.4585798816568047,3599.0
Lunch,Poisson,11,927,8.0,1.9234088457389429,3599.0
Lunch,Poisson,12,989,9.0,2.3053589484327603,3597.0
Lunch,Poisson,13,1242,6.0,1.9565217391304348,3597.0
Lunch,Poisson,14,942,8.0,2.1581740976645434,3595.0
Lunch,Poisson,15,1200,9.0,2.46,3598.0
Lunch,Poisson,16,1147,8.0,2.264167393199651,3596.0
Lunch,Poisson,17,1093,9.0,2.3092406221408965,3599.0
Lunch,Poisson,18,1230,8.0,2.5390243902439025,3599.0
Lunch,Poisson,19,1233,7.0,2.0089213300892133,3596.0
Lunch,Poisson,20,1090,6.0,1.9862385321100917,3599.0
Lunch,Poisson,21,1331,7.0,2.3568745304282492,3595.0
Lunch,Poisson,22,1576,7.0,2.3439086294416245,3596.0
Lunch,Poisson,23,1133,7.0,2.0714916151809355,3597.0
Lunch,Poisson,24,1091,7.0,2.065994500458295,3599.0
Lunch,Poisson,25,1145,8.0,2.6655021834061134,3543.0
Lunch,Poisson,26,1044,9.0,2.8295019157088124,3598.0
Lunch,Poisson,27,1143,8.0,2.3219597550306212,3459.0
Lunch,Poisson,28,1061,8.0,2.0,3596.0
Lunch,Poisson,29,828,8.0,1.7657004830917875,3593.0
Lunch,Poisson,30,1077,9.0,2.308263695450325,3598.0
Lunch,Poisson,31,1197,7.0,2.109440267335004,3599.0
Lunch,Poisson,32,1395,9.0,2.7562724014336917,3595.0
Lunch,Poisson,33,1088,9.0,2.349264705882353,3599.0
Lunch,Poisson,34,1397,7.0,2.262705798138869,3599.0
Lunch,Poisson,35,899,7.0,2.1056729699666294,3599.0
Lunch,Poisson,36,1265,9.0,2.3367588932806322,3598.0
Lunch,Poisson,37,1181,7.0,2.0474174428450467,3598.0
Lunch,Poisson,38,988,7.0,2.2864372469635628,3596.0
Lunch,Poisson,39,1630,8.0,2.287116564417178,3598.0
Lunch,Poisson,40,1082,7.0,2.1219963031423292,3598.0
Lunch,Poisson,41,1254,9.0,2.381977671451356,3598.0
Lunch,Poisson,42,1446,9.0,2.4142461964038726,3599.0
Lunch,Poisson,43,1181,8.0,1.960203217612193,3595.0
Lunch,Poisson,44,1305,8.0,2.466666666666667,3598.0
Lunch,Poisson,45,1146,7.0,1.9013961605584642,3599.0
Lunch,Poisson,46,857,8.0,1.896149358226371,3599.0
Lunch,Poisson,47,952,9.0,2.3361344537815127,3597.0
Lunch,Poisson,48,1230,7.0,2.194308943089431,3599.0
Lunch,Poisson,49,1181,9.0,2.3141405588484334,3592.0
Lunch,Poisson,50,1063,8.0,2.720602069614299,3591.0
Lunch,Poisson,51,863,7.0,1.5735805330243338,3598.0
Lunch,Poisson,52,1107,8.0,2.1373080397470643,3599.0
Lunch,Poisson,53,1080,8.0,2.337037037037037,3599.0
Lunch,Poisson,54,896,8.0,2.0,3599.0
Lunch,Poisson,55,1072,8.0,2.1669776119402986,3593.0
Lunch,Poisson,56,1008,5.0,1.7013888888888888,3595.0
Lunch,Poisson,57,1257,8.0,1.964200477326969,3598.0
Lunch,Poisson,58,1206,8.0,2.5281923714759538,3599.0
Lunch,Poisson,59,908,9.0,2.1696035242290748,3595.0
Lunch,Poisson,60,1323,8.0,2.305366591080877,3596.0
Lunch,Poisson,61,1161,7.0,2.095607235142119,3598.0
Lunch,Poisson,62,1153,7.0,2.1977450130095404,3598.0
Lunch,Poisson,63,1302,8.0,2.098310291858679,3597.0
Lunch,Poisson,64,1028,8.0,2.251945525291829,3599.0
Lunch,Poisson,65,1218,8.0,2.3686371100164205,3599.0
Lunch,Poisson,66,1040,8.0,2.2865384615384614,3592.0
Lunch,Poisson,67,1116,6.0,2.2025089605734767,3593.0
Lunch,Poisson,68,1139,7.0,2.042142230026339,3599.0
Lunch,Poisson,69,1236,9.0,2.088996763754045,3598.0
Lunch,Poisson,70,1072,8.0,2.3386194029850746,3593.0
Lunch,Poisson,71,1023,8.0,2.2238514173998043,3599.0
Lunch,Poisson,72,1248,9.0,1.8525641025641026,3596.0
Lunch,Poisson,73,1166,8.0,2.229845626072041,3593.0
Lunch,Poisson,74,1245,9.0,2.7775100401606427,3598.0
Lunch,Poisson,75,847,5.0,1.9539551357733176,3595.0
Lunch,Poisson,76,926,9.0,2.0928725701943844,3599.0
Lunch,Poisson,77,1077,7.0,2.265552460538533,3596.0
Lunch,Poisson,78,984,7.0,2.051829268292683,3595.0
Lunch,Poisson,79,1218,8.0,2.0566502463054186,3596.0
Lunch,Poisson,80,1138,7.0,2.271528998242531,3597.0
Lunch,Poisson,81,1317,6.0,1.89749430523918,3594.0
Lunch,Poisson,82,1039,8.0,2.4485081809432145,3595.0
Lunch,Poisson,83,1331,8.0,2.262208865514651,3594.0
Lunch,Poisson,84,1453,9.0,2.2044046799724706,3598.0
Lunch,Poisson,85,1252,9.0,2.5838658146964857,3598.0
Lunch,Poisson,86,1172,7.0,2.29778156996587,3599.0
Lunch,Poisson,87,1264,9.0,2.4525316455696204,3593.0
Lunch,Poisson,88,970,7.0,2.1783505154639173,3595.0
Lunch,Poisson,89,1230,8.0,2.2398373983739837,3598.0
Lunch,Poisson,90,1318,8.0,2.4074355083459786,3599.0
Lunch,Poisson,91,1275,9.0,2.7811764705882354,3596.0
Lunch,Poisson,92,1375,9.0,2.634909090909091,3598.0
Lunch,Poisson,93,1439,8.0,2.050034746351633,3599.0
Lunch,Poisson,94,1134,6.0,1.7530864197530864,3596.0
Lunch,Poisson,95,1078,8.0,2.258812615955473,3598.0
Lunch,Poisson,96,989,9.0,2.379170879676441,3597.0
Lunch,Poisson,97,1079,8.0,2.0074142724745134,3597.0
Lunch,Poisson,98,1103,7.0,2.28286491387126,3599.0
Lunch,Poisson,99,1052,8.0,2.286121673003802,3595.0
Lunch,Poisson,100,1381,7.0,2.2099927588703836,3596.0
Lunch,Synchronized,1,1139,9.0,2.7515364354697103,3596.0
Lunch,Synchronized,2,1061,6.0,1.9566446748350612,3599.0
Lunch,Synchronized,3,657,8.0,1.887366818873668,3597.0
Lunch,Synchronized,4,853,7.0,2.3048065650644785,3593.0
Lunch,Synchronized,5,1044,8.0,2.1264367816091956,3595.0
Lunch,Synchronized,6,1143,9.0,2.531933508311461,3599.0
Lunch,Synchronized,7,1267,9.0,2.3283346487766376,3598.0
Lunch,Synchronized,8,890,5.0,1.7483146067415731,3593.0
Lunch,Synchronized,9,1184,9.0,1.978885135135135,3598.0
Lunch,Synchronized,10,1067,8.0,2.472352389878163,3599.0
Lunch,Synchronized,11,965,7.0,1.8414507772020725,3599.0
Lunch,Synchronized,12,1014,8.0,2.1420118343195265,3597.0
Lunch,Synchronized,13,1074,9.0,2.100558659217877,3597.0
Lunch,Synchronized,14,1003,8.0,2.353938185443669,3595.0
Lunch,Synchronized,15,1094,9.0,2.4085923217550276,3598.0
Lunch,Synchronized,16,1187,9.0,2.342038753159225,3598.0
Lunch,Synchronized,17,1079,7.0,2.143651529193698,3599.0
Lunch,Synchronized,18,1247,8.0,2.445870088211708,3599.0
Lunch,Synchronized,19,1218,7.0,2.044334975369458,3597.0
Lunch,Synchronized,20,1094,9.0,2.3171846435100547,3599.0
Lunch,Synchronized,21,1448,8.0,2.4150552486187844,3598.0
Lunch,Synchronized,22,1515,9.0,2.407920792079208,3596.0
Lunch,Synchronized,23,1090,9.0,2.181651376146789,3597.0
Lunch,Synchronized,24,1140,7.0,2.1271929824561404,3590.0
Lunch,Synchronized,25,1083,9.0,2.566943674976916,3588.0
Lunch,Synchronized,26,1229,9.0,2.869812855980472,3597.0
Lunch,Synchronized,27,1047,9.0,2.6599808978032473,3599.0
Lunch,Synchronized,28,1034,9.0,2.1034816247582206,3596.0
Lunch,Synchronized,29,898,8.0,1.9832962138084633,3599.0
Lunch,Synchronized,30,1083,7.0,2.223453370267775,3598.0
Lunch,Synchronized,31,1168,9.0,2.3809931506849313,3599.0
Lunch,Synchronized,32,1249,9.0,2.696557245796637,3597.0
Lunch,Synchronized,33,1064,8.0,2.3796992481203008,3595.0
Lunch,Synchronized,34,1331,9.0,2.2501878287002253,3599.0
Lunch,Synchronized,35,1062,8.0,1.7551789077212807,3594.0
Lunch,Synchronized,36,1324,9.0,2.3270392749244713,3597.0
Lunch,Synchronized,37,1132,8.0,2.1280918727915195,3596.0
Lunch,Synchronized,38,1028,9.0,2.4182879377431905,3597.0
Lunch,Synchronized,39,1506,9.0,2.7244355909694553,3597.0
Lunch,Synchronized,40,1125,6.0,2.102222222222222,3598.0
Lunch,Synchronized,41,1277,9.0,2.33672670321065,3596.0
Lunch,Synchronized,42,1391,8.0,2.4636951833213514,3598.0
Lunch,Synchronized,43,1236,8.0,1.9320388349514563,3595.0
Lunch,Synchronized,44,1128,8.0,2.12322695035461,3597.0
Lunch,Synchronized,45,1079,8.0,2.1362372567191845,3598.0
Lunch,Synchronized,46,859,8.0,1.951105937136205,3599.0
Lunch,Synchronized,47,1076,9.0,2.073420074349442,3599.0
Lunch,Synchronized,48,1288,9.0,2.551242236024845,3599.0
Lunch,Synchronized,49,1193,9.0,2.278290025146689,3592.0
Lunch,Synchronized,50,1043,8.0,2.462128475551294,3591.0
Lunch,Synchronized,51,866,7.0,1.9133949191685913,3598.0
Lunch,Synchronized,52,1178,8.0,2.067062818336163,3599.0
Lunch,Synchronized,53,1077,7.0,2.0259981429897866,3599.0
Lunch,Synchronized,54,785,8.0,2.294267515923567,3595.0
Lunch,Synchronized,55,1103,8.0,2.0734360834088847,3598.0
Lunch,Synchronized,56,880,9.0,1.7795454545454545,3592.0
Lunch,Synchronized,57,1242,8.0,1.8687600644122384,3597.0
Lunch,Synchronized,58,1166,9.0,2.449399656946827,3599.0
Lunch,Synchronized,59,814,9.0,2.4717444717444716,3595.0
Lunch,Synchronized,60,1291,8.0,2.098373353989156,3596.0
Lunch,Synchronized,61,1147,9.0,2.3836094158674803,3599.0
Lunch,Synchronized,62,1035,9.0,2.4347826086956523,3593.0
Lunch,Synchronized,63,1200,8.0,2.299166666666667,3597.0
Lunch,Synchronized,64,1038,9.0,2.621387283236994,3599.0
Lunch,Synchronized,65,1172,9.0,2.2098976109215016,3598.0
Lunch,Synchronized,66,1170,8.0,2.2846153846153845,3592.0
Lunch,Synchronized,67,982,6.0,2.016293279022403,3598.0
Lunch,Synchronized,68,1037,8.0,2.219864995178399,3593.0
Lunch,Synchronized,69,1207,7.0,2.0339685169842583,3598.0
Lunch,Synchronized,70,1083,9.0,2.386888273314866,3599.0
Lunch,Synchronized,71,1115,8.0,1.9946188340807174,3599.0
Lunch,Synchronized,72,1301,7.0,1.88162951575711,3594.0
Lunch,Synchronized,73,1216,6.0,2.039473684210526,3595.0
Lunch,Synchronized,74,1242,9.0,2.6215780998389695,3598.0
Lunch,Synchronized,75,874,6.0,2.196796338672769,3595.0
Lunch,Synchronized,76,859,7.0,2.147846332945285,3599.0
Lunch,Synchronized,77,1120,7.0,2.169642857142857,3596.0
Lunch,Synchronized,78,981,9.0,2.1732925586136593,3599.0
Lunch,Synchronized,79,1240,8.0,2.074193548387097,3598.0
Lunch,Synchronized,80,1061,8.0,2.048067860508954,3597.0
Lunch,Synchronized,81,1236,8.0,2.0040453074433655,3599.0
Lunch,Synchronized,82,1117,9.0,2.6257833482542523,3593.0
Lunch,Synchronized,83,1348,9.0,2.3048961424332344,3594.0
Lunch,Synchronized,84,1460,9.0,2.4335616438356165,3598.0
Lunch,Synchronized,85,1219,9.0,2.292042657916325,3598.0
Lunch,Synchronized,86,1199,8.0,2.3919933277731444,3599.0
Lunch,Synchronized,87,1202,7.0,2.198835274542429,3598.0
Lunch,Synchronized,88,1054,7.0,1.8690702087286528,3597.0
Lunch,Synchronized,89,1253,8.0,2.2585794094173983,3594.0
Lunch,Synchronized,90,1193,8.0,2.3872590108968987,3599.0
Lunch,Synchronized,91,1200,9.0,2.5075,3594.0
Lunch,Synchronized,92,1326,9.0,2.630467571644042,3594.0
Lunch,Synchronized,93,1460,9.0,2.2958904109589042,3597.0
Lunch,Synchronized,94,1036,8.0,1.9565637065637065,3596.0
Lunch,Synchronized,95,1065,8.0,2.0938967136150235,3598.0
Lunch,Synchronized,96,1148,6.0,1.8423344947735192,3593.0
Lunch,Synchronized,97,1089,7.0,2.0670339761248853,3597.0
Lunch,Synchronized,98,1084,9.0,2.385608856088561,3598.0
Lunch,Synchronized,99,1207,8.0,2.054681027340514,3590.0
Lunch,Synchronized,100,1368,8.0,2.2558479532163744,3598.0
Lunch,Uniform,1,1196,9.0,2.7650501672240804,3598.0
Lunch,Uniform,2,1081,6.0,2.0027752081406107,3599.0
Lunch,Uniform,3,786,5.0,1.7302798982188294,3597.0
Lunch,Uniform,4,916,6.0,1.8209606986899562,3593.0
Lunch,Uniform,5,1127,6.0,2.2883762200532387,3595.0
Lunch,Uniform,6,1186,9.0,2.617200674536256,3597.0
Lunch,Uniform,7,1262,8.0,2.462757527733756,3599.0
Lunch,Uniform,8,895,6.0,1.9162011173184357,3593.0
Lunch,Uniform,9,1190,7.0,2.2865546218487394,3598.0
Lunch,Uniform,10,1061,9.0,2.880301602262017,3599.0
Lunch,Uniform,11,914,7.0,2.3172866520787747,3598.0
Lunch,Uniform,12,1082,9.0,2.3632162661737524,3597.0
Lunch,Uniform,13,1166,6.0,2.0754716981132075,3597.0
Lunch,Uniform,14,1028,8.0,2.340466926070039,3595.0
Lunch,Uniform,15,1173,8.0,2.546462063086104,3593.0
Lunch,Uniform,16,1229,9.0,2.340113913751017,3598.0
Lunch,Uniform,17,1110,9.0,2.744144144144144,3589.0
Lunch,Uniform,18,1208,9.0,2.4660596026490067,3599.0
Lunch,Uniform,19,1252,6.0,2.0319488817891376,3596.0
Lunch,Uniform,20,1196,6.0,1.8578595317725752,3599.0
Lunch,Uniform,21,1327,8.0,2.4099472494348153,3598.0
Lunch,Uniform,22,1542,8.0,2.3988326848249026,3596.0
Lunch,Uniform,23,1131,8.0,2.18921308576481,3597.0
Lunch,Uniform,24,1106,7.0,1.922242314647378,3590.0
Lunch,Uniform,25,1102,8.0,2.3747731397459164,3543.0
Lunch,Uniform,26,1128,9.0,2.631205673758865,3593.0
Lunch,Uniform,27,1021,9.0,2.4985308521057785,3599.0
Lunch,Uniform,28,1119,8.0,1.806970509383378,3596.0
Lunch,Uniform,29,811,8.0,1.8581997533908754,3597.0
Lunch,Uniform,30,1020,8.0,2.3098039215686272,3598.0
Lunch,Uniform,31,1181,7.0,2.254022015241321,3599.0
Lunch,Uniform,32,1251,9.0,2.8665067945643483,3597.0
Lunch,Uniform,33,1117,8.0,2.438675022381379,3599.0
Lunch,Uniform,34,1430,8.0,2.63986013986014,3597.0
Lunch,Uniform,35,985,6.0,2.0538071065989847,3599.0
Lunch,Uniform,36,1316,9.0,2.0341945288753798,3598.0
Lunch,Uniform,37,1210,8.0,2.340495867768595,3598.0
Lunch,Uniform,38,1011,9.0,2.788328387734916,3595.0
Lunch,Uniform,39,1612,8.0,2.240074441687345,3597.0
Lunch,Uniform,40,1141,6.0,2.0850131463628396,3598.0
Lunch,Uniform,41,1139,9.0,2.5127304653204567,3598.0
Lunch,Uniform,42,1468,8.0,2.6594005449591283,3594.0
Lunch,Uniform,43,1116,8.0,1.8602150537634408,3596.0
Lunch,Uniform,44,1278,8.0,2.356807511737089,3599.0
Lunch,Uniform,45,1086,6.0,2.016574585635359,3598.0
Lunch,Uniform,46,875,8.0,1.9005714285714286,3599.0
Lunch,Uniform,47,913,8.0,2.3066812705366924,3594.0
Lunch,Uniform,48,1311,7.0,2.119755911517925,3599.0
Lunch,Uniform,49,1118,8.0,2.191413237924866,3592.0
Lunch,Uniform,50,1000,7.0,2.496,3591.0
Lunch,Uniform,51,862,7.0,2.0127610208816704,3598.0
Lunch,Uniform,52,1103,8.0,2.196736174070716,3599.0
Lunch,Uniform,53,1083,6.0,2.200369344413666,3599.0
Lunch,Uniform,54,808,9.0,2.0965346534653464,3595.0
Lunch,Uniform,55,1070,8.0,2.285981308411215,3593.0
Lunch,Uniform,56,889,8.0,1.8762654668166479,3596.0
Lunch,Uniform,57,1155,8.0,2.2103896103896106,3593.0
Lunch,Uniform,58,1235,8.0,2.7044534412955468,3599.0
Lunch,Uniform,59,908,9.0,2.1343612334801763,3595.0
Lunch,Uniform,60,1229,9.0,2.4906427990235964,3596.0
Lunch,Uniform,61,1129,7.0,2.195748449955713,3598.0
Lunch,Uniform,62,1134,9.0,2.289241622574956,3598.0
Lunch,Uniform,63,1290,8.0,2.0317829457364343,3597.0
Lunch,Uniform,64,1081,8.0,2.4246068455134133,3599.0
Lunch,Uniform,65,1235,7.0,1.959514170040486,3596.0
Lunch,Uniform,66,1130,8.0,2.3221238938053097,3591.0
Lunch,Uniform,67,1112,6.0,2.3264388489208634,3593.0
Lunch,Uniform,68,1033,8.0,2.18973862536302,3598.0
Lunch,Uniform,69,1110,9.0,2.3378378378378377,3594.0
Lunch,Uniform,70,1094,9.0,2.287934186471664,3597.0
Lunch,Uniform,71,1083,6.0,1.7876269621421976,3599.0
Lunch,Uniform,72,1252,7.0,1.895367412140575,3594.0
Lunch,Uniform,73,1068,9.0,2.7228464419475658,3595.0
Lunch,Uniform,74,1293,8.0,2.3116782675947407,3598.0
Lunch,Uniform,75,861,6.0,1.934959349593496,3595.0
Lunch,Uniform,76,903,7.0,2.122923588039867,3599.0
Lunch,Uniform,77,1176,7.0,2.2406462585034013,3592.0
Lunch,Uniform,78,1093,7.0,2.032936870997255,3599.0
Lunch,Uniform,79,1223,8.0,2.0637775960752247,3596.0
Lunch,Uniform,80,1119,7.0,2.189454870420018,3597.0
Lunch,Uniform,81,1234,9.0,2.320907617504052,3597.0
Lunch,Uniform,82,1156,9.0,2.536332179930796,3596.0
Lunch,Uniform,83,1337,8.0,2.2722513089005236,3594.0
Lunch,Uniform,84,1486,9.0,2.0901749663526243,3598.0
Lunch,Uniform,85,1178,9.0,2.442275042444822,3598.0
Lunch,Uniform,86,1226,7.0,2.296084828711256,3599.0
Lunch,Uniform,87,1255,8.0,2.4677290836653385,3598.0
Lunch,Uniform,88,927,7.0,2.1930960086299893,3597.0
Lunch,Uniform,89,1118,7.0,2.4633273703041145,3598.0
Lunch,Uniform,90,1408,7.0,2.1839488636363638,3599.0
Lunch,Uniform,91,1101,9.0,2.6584922797456856,3592.0
Lunch,Uniform,92,1342,8.0,2.380774962742176,3594.0
Lunch,Uniform,93,1401,8.0,2.102069950035689,3596.0
Lunch,Uniform,94,1058,7.0,1.938563327032136,3597.0
Lunch,Uniform,95,1078,9.0,2.2059369202226344,3598.0
Lunch,Uniform,96,981,8.0,2.2640163098878694,3598.0
Lunch,Uniform,97,1120,7.0,1.9732142857142858,3599.0
Lunch,Uniform,98,1070,8.0,2.2878504672897195,3598.0
Lunch,Uniform,99,1235,6.0,2.0615384615384613,3595.0
Lunch,Uniform,100,1388,9.0,2.080691642651297,3598.0
