Scenario,Condition,Seed,TotalSuccessN,TargetSuccessN,TotalWaitSum,TargetWaitSum,TargetWaitBurdenShare,TargetSuccessShare,ExcessBurden
Festival,Poisson,1,49,10,7482.0,943.0,0.1260358192996525,0.20408163265306123,-0.07804581335340874
Festival,Poisson,2,43,10,4792.0,702.0,0.1464941569282137,0.23255813953488372,-0.08606398260667003
Festival,Poisson,3,32,10,4137.0,1305.0,0.3154459753444525,0.3125,0.0029459753444525116
Festival,Poisson,4,42,10,6203.0,674.0,0.10865710140254715,0.23809523809523808,-0.12943813669269094
Festival,Poisson,5,46,10,7581.0,748.0,0.09866772193642,0.21739130434782608,-0.11872358241140608
Festival,Poisson,6,53,10,6973.0,1352.0,0.1938907213537932,0.18867924528301888,0.0052114760707743235
Festival,Poisson,7,51,10,6783.0,971.0,0.14315199764116174,0.19607843137254902,-0.05292643373138728
Festival,Poisson,8,39,10,3900.0,875.0,0.22435897435897437,0.2564102564102564,-0.03205128205128202
Festival,Poisson,9,50,10,7607.0,1478.0,0.19429472853950308,0.2,-0.00570527146049693
Festival,Poisson,10,45,10,6263.0,1197.0,0.19112246527223375,0.2222222222222222,-0.031099756949988455
Festival,Poisson,11,43,10,6609.0,961.0,0.14540777727341503,0.23255813953488372,-0.08715036226146869
Festival,Poisson,12,45,10,6111.0,804.0,0.13156602847324497,0.2222222222222222,-0.09065619374897724
Festival,Poisson,13,47,10,8157.0,2343.0,0.2872379551305627,0.2127659574468085,0.0744719976837542
Festival,Poisson,14,46,10,4936.0,752.0,0.15235008103727715,0.21739130434782608,-0.06504122331054893
Festival,Poisson,15,54,10,7656.0,928.0,0.12121212121212122,0.18518518518518517,-0.06397306397306396
Festival,Poisson,16,50,10,7005.0,949.0,0.13547466095645966,0.2,-0.06452533904354035
Festival,Poisson,17,48,10,6869.0,1385.0,0.20163051390304265,0.20833333333333334,-0.006702819430290691
Festival,Poisson,18,56,10,9345.0,1401.0,0.14991974317817014,0.17857142857142858,-0.028651685393258436
Festival,Poisson,19,53,10,5885.0,864.0,0.14681393372982157,0.18867924528301888,-0.04186531155319731
Festival,Poisson,20,51,10,6498.0,1570.0,0.24161280393967374,0.19607843137254902,0.045534372567124726
Festival,Poisson,21,52,10,8067.0,1488.0,0.18445518780215694,0.19230769230769232,-0.007852504505535374
Festival,Poisson,22,59,10,12277.0,2891.0,0.2354809806956097,0.1694915254237288,0.06598945527188088
Festival,Poisson,23,48,10,7352.0,1644.0,0.2236126224156692,0.20833333333333334,0.015279289082335862
Festival,Poisson,24,45,10,5544.0,976.0,0.17604617604617603,0.2222222222222222,-0.046176046176046176
Festival,Poisson,25,50,10,6659.0,1371.0,0.20588676978525305,0.2,0.005886769785253043
Festival,Poisson,26,46,10,7466.0,1642.0,0.21993035092418967,0.21739130434782608,0.002539046576363585
Festival,Poisson,27,48,10,8204.0,2194.0,0.2674305216967333,0.20833333333333334,0.05909718836339997
Festival,Poisson,28,48,10,6436.0,1546.0,0.24021131137352392,0.20833333333333334,0.031877978040190574
Festival,Poisson,29,38,10,5655.0,583.0,0.10309460654288241,0.2631578947368421,-0.16006328819395968
Festival,Poisson,30,46,10,5738.0,1259.0,0.21941443011502265,0.21739130434782608,0.0020231257671965708
Festival,Poisson,31,50,10,7237.0,1568.0,0.21666436368661046,0.2,0.01666436368661045
Festival,Poisson,32,51,10,9566.0,2431.0,0.25412920761028646,0.19607843137254902,0.05805077623773744
Festival,Poisson,33,48,10,7536.0,1796.0,0.23832271762208068,0.20833333333333334,0.02998938428874734
Festival,Poisson,34,51,10,7262.0,1433.0,0.19732855962544754,0.19607843137254902,0.0012501282528985247
Festival,Poisson,35,42,10,5378.0,1434.0,0.26664187430271474,0.23809523809523808,0.02854663620747666
Festival,Poisson,36,56,10,7855.0,1411.0,0.17963080840229154,0.17857142857142858,0.001059379830862961
Festival,Poisson,37,50,10,6905.0,1207.0,0.17480086893555394,0.2,-0.025199131064446073
Festival,Poisson,38,47,10,5738.0,703.0,0.12251655629139073,0.2127659574468085,-0.09024940115541778
Festival,Poisson,39,62,10,12172.0,2549.0,0.20941505093657575,0.16129032258064516,0.048124728355930596
Festival,Poisson,40,39,10,6749.0,1614.0,0.23914654022818196,0.2564102564102564,-0.017263716182074423
Festival,Poisson,41,53,10,7101.0,969.0,0.13645965356991974,0.18867924528301888,-0.052219591713099145
Festival,Poisson,42,64,10,11411.0,2066.0,0.18105336955569187,0.15625,0.024803369555691873
Festival,Poisson,43,47,10,6970.0,775.0,0.11119081779053085,0.2127659574468085,-0.10157513965627767
Festival,Poisson,44,51,10,8259.0,2176.0,0.26347015377164307,0.19607843137254902,0.06739172239909405
Festival,Poisson,45,49,10,7166.0,643.0,0.08972927714205972,0.20408163265306123,-0.11435235551100151
Festival,Poisson,46,36,10,6019.0,2305.0,0.3829539790662901,0.2777777777777778,0.1051762012885123
Festival,Poisson,47,41,10,6202.0,1225.0,0.19751693002257337,0.24390243902439024,-0.04638550900181687
Festival,Poisson,48,61,10,8221.0,806.0,0.0980416007784941,0.16393442622950818,-0.06589282545101409
Festival,Poisson,49,47,10,7842.0,1988.0,0.2535067584799796,0.2127659574468085,0.0407408010331711
Festival,Poisson,50,47,10,6250.0,1710.0,0.2736,0.2127659574468085,0.0608340425531915
Festival,Poisson,51,39,10,5091.0,1541.0,0.3026910233745826,0.2564102564102564,0.0462807669643262
Festival,Poisson,52,43,10,5027.0,1222.0,0.2430873284264969,0.23255813953488372,0.010529188891613195
Festival,Poisson,53,43,10,6023.0,959.0,0.15922297858210194,0.23255813953488372,-0.07333516095278178
Festival,Poisson,54,37,10,4938.0,618.0,0.12515188335358446,0.2702702702702703,-0.14511838691668583
Festival,Poisson,55,48,10,6479.0,1398.0,0.2157740392035808,0.20833333333333334,0.007440705870247449
Festival,Poisson,56,38,10,4291.0,866.0,0.20181775809834537,0.2631578947368421,-0.06134013663849672
Festival,Poisson,57,52,10,6876.0,972.0,0.14136125654450263,0.19230769230769232,-0.05094643576318969
Festival,Poisson,58,52,10,7784.0,1260.0,0.1618705035971223,0.19230769230769232,-0.030437188710570023
Festival,Poisson,59,40,10,4543.0,1197.0,0.26348228043143296,0.25,0.013482280431432958
Festival,Poisson,60,54,10,6037.0,850.0,0.14079840980619512,0.18518518518518517,-0.04438677537899005
Festival,Poisson,61,48,10,6478.0,1042.0,0.16085211485026243,0.20833333333333334,-0.04748121848307091
Festival,Poisson,62,44,10,5238.0,826.0,0.15769377625047729,0.22727272727272727,-0.06957895102224998
Festival,Poisson,63,50,10,6481.0,1281.0,0.19765468291930258,0.2,-0.0023453170806974344
Festival,Poisson,64,42,10,7360.0,2943.0,0.3998641304347826,0.23809523809523808,0.1617688923395445
Festival,Poisson,65,52,10,6129.0,1029.0,0.1678903573176701,0.19230769230769232,-0.024417334990022216
Festival,Poisson,66,50,10,9425.0,2144.0,0.22748010610079575,0.2,0.027480106100795737
Festival,Poisson,67,47,10,5848.0,1263.0,0.21597127222982215,0.2127659574468085,0.003205314783013641
Festival,Poisson,68,51,10,6449.0,644.0,0.09986044347960925,0.19607843137254902,-0.09621798789293977
Festival,Poisson,69,50,10,8448.0,1117.0,0.13222064393939395,0.2,-0.06777935606060606
Festival,Poisson,70,49,10,8596.0,1577.0,0.1834574220567706,0.20408163265306123,-0.020624210596290632
Festival,Poisson,71,46,10,5269.0,1086.0,0.2061112165496299,0.21739130434782608,-0.01128008779819617
Festival,Poisson,72,50,10,7408.0,1637.0,0.22097732181425486,0.2,0.02097732181425485
Festival,Poisson,73,49,10,7157.0,864.0,0.12072097247450049,0.20408163265306123,-0.08336066017856074
Festival,Poisson,74,55,10,10116.0,1843.0,0.18218663503361013,0.18181818181818182,0.0003684532154283049
Festival,Poisson,75,35,10,4610.0,1256.0,0.27245119305856835,0.2857142857142857,-0.013263092655717346
Festival,Poisson,76,39,10,3649.0,609.0,0.16689503973691422,0.2564102564102564,-0.08951521667334217
Festival,Poisson,77,50,10,6813.0,768.0,0.11272567151034786,0.2,-0.08727432848965215
Festival,Poisson,78,45,10,6310.0,1237.0,0.1960380348652932,0.2222222222222222,-0.026184187356929012
Festival,Poisson,79,51,10,7340.0,1984.0,0.27029972752043596,0.19607843137254902,0.07422129614788694
Festival,Poisson,80,41,10,5583.0,1370.0,0.24538778434533404,0.24390243902439024,0.0014853453209437983
Festival,Poisson,81,50,10,7427.0,870.0,0.11714016426551771,0.2,-0.0828598357344823
Festival,Poisson,82,48,10,6299.0,1887.0,0.299571360533418,0.20833333333333334,0.09123802720008464
Festival,Poisson,83,59,10,9223.0,1769.0,0.19180310094329395,0.1694915254237288,0.02231157551956514
Festival,Poisson,84,56,10,11690.0,3441.0,0.2943541488451668,0.17857142857142858,0.11578272027373823
Festival,Poisson,85,48,10,9091.0,2248.0,0.24727752722472776,0.20833333333333334,0.03894419389139442
Festival,Poisson,86,51,10,6721.0,1091.0,0.1623270346674602,0.19607843137254902,-0.03375139670508881
Festival,Poisson,87,48,10,6338.0,989.0,0.1560429157462922,0.20833333333333334,-0.052290417587041144
Festival,Poisson,88,49,10,5846.0,668.0,0.11426616489907629,0.20408163265306123,-0.08981546775398494
Festival,Poisson,89,54,10,9223.0,1103.0,0.11959232353897864,0.18518518518518517,-0.06559286164620654
Festival,Poisson,90,52,10,8410.0,1216.0,0.144589774078478,0.19230769230769232,-0.04771791822921431
Festival,Poisson,91,53,10,8046.0,822.0,0.10216256524981357,0.18867924528301888,-0.08651668003320531
Festival,Poisson,92,51,10,8379.0,937.0,0.11182718701515694,0.19607843137254902,-0.08425124435739208
Festival,Poisson,93,53,10,8609.0,1477.0,0.17156464165408294,0.18867924528301888,-0.017114603628935937
Festival,Poisson,94,45,10,7099.0,2523.0,0.3554021693196225,0.2222222222222222,0.13317994709740028
Festival,Poisson,95,42,10,5464.0,1277.0,0.23371156661786238,0.23809523809523808,-0.0043836714773757
Festival,Poisson,96,48,10,6083.0,1043.0,0.1714614499424626,0.20833333333333334,-0.03687188339087075
Festival,Poisson,97,49,10,6470.0,1080.0,0.16692426584234932,0.20408163265306123,-0.03715736681071191
Festival,Poisson,98,43,10,5411.0,1117.0,0.206431343559416,0.23255813953488372,-0.026126795975467715
Festival,Poisson,99,49,10,5429.0,1017.0,0.18732731626450544,0.20408163265306123,-0.01675431638855579
Festival,Poisson,100,60,10,7089.0,801.0,0.11299195937367752,0.16666666666666666,-0.053674707292989135
Festival,Synchronized,1,51,10,9365.0,1220.0,0.13027229044313934,0.19607843137254902,-0.06580614092940967
Festival,Synchronized,2,44,10,6595.0,1680.0,0.25473843821076575,0.22727272727272727,0.027465710938038485
Festival,Synchronized,3,33,10,5181.0,2230.0,0.43041883806215014,0.30303030303030304,0.1273885350318471
Festival,Synchronized,4,38,10,5931.0,1296.0,0.21851289833080426,0.2631578947368421,-0.044644996406037835
Festival,Synchronized,5,47,10,6821.0,1760.0,0.2580266823046474,0.2127659574468085,0.04526072485783891
Festival,Synchronized,6,53,10,11100.0,5530.0,0.4981981981981982,0.18867924528301888,0.30951895291517934
Festival,Synchronized,7,51,10,9198.0,3945.0,0.428897586431833,0.19607843137254902,0.232819155059284
Festival,Synchronized,8,39,10,4455.0,1470.0,0.32996632996632996,0.2564102564102564,0.07355607355607358
Festival,Synchronized,9,49,10,8675.0,2125.0,0.24495677233429394,0.20408163265306123,0.040875139681232714
Festival,Synchronized,10,43,10,7052.0,1243.0,0.1762620533182076,0.23255813953488372,-0.05629608621667612
Festival,Synchronized,11,46,10,7284.0,1640.0,0.22515101592531575,0.21739130434782608,0.00775971157748967
Festival,Synchronized,12,46,10,6575.0,1765.0,0.26844106463878326,0.21739130434782608,0.051049760290957175
Festival,Synchronized,13,47,10,7002.0,1729.0,0.2469294487289346,0.2127659574468085,0.03416349128212609
Festival,Synchronized,14,46,10,5538.0,1320.0,0.23835319609967498,0.21739130434782608,0.0209618917518489
Festival,Synchronized,15,52,10,7509.0,1210.0,0.16113996537488348,0.19230769230769232,-0.031167726932808837
Festival,Synchronized,16,50,10,8279.0,2550.0,0.3080082135523614,0.2,0.1080082135523614
Festival,Synchronized,17,48,10,7004.0,1400.0,0.19988577955454026,0.20833333333333334,-0.008447553778793082
Festival,Synchronized,18,55,10,9687.0,1921.0,0.19830700939403323,0.18181818181818182,0.016488827575851406
Festival,Synchronized,19,49,10,6464.0,1370.0,0.2119430693069307,0.20408163265306123,0.007861436653869458
Festival,Synchronized,20,53,10,8928.0,2785.0,0.3119399641577061,0.18867924528301888,0.1232607188746872
Festival,Synchronized,21,52,10,8059.0,1860.0,0.23079786574016628,0.19230769230769232,0.03849017343247396
Festival,Synchronized,22,57,10,10580.0,1585.0,0.1498109640831758,0.17543859649122806,-0.02562763240805227
Festival,Synchronized,23,48,10,7720.0,2631.0,0.3408031088082902,0.20833333333333334,0.13246977547495684
Festival,Synchronized,24,44,10,7541.0,1825.0,0.2420103434557751,0.22727272727272727,0.014737616183047836
Festival,Synchronized,25,51,10,8257.0,3262.0,0.39505873804045055,0.19607843137254902,0.19898030666790154
Festival,Synchronized,26,49,10,9572.0,2539.0,0.26525282072712075,0.20408163265306123,0.061171188074059524
Festival,Synchronized,27,48,10,9804.0,2878.0,0.29355365157078744,0.20833333333333334,0.0852203182374541
Festival,Synchronized,28,48,10,6067.0,1800.0,0.2966869952200429,0.20833333333333334,0.08835366188670954
Festival,Synchronized,29,42,10,9087.0,4030.0,0.4434907010014306,0.23809523809523808,0.20539546290619254
Festival,Synchronized,30,46,10,6510.0,2240.0,0.34408602150537637,0.21739130434782608,0.1266947171575503
Festival,Synchronized,31,53,10,9453.0,3388.0,0.3584047392362213,0.18867924528301888,0.1697254939532024
Festival,Synchronized,32,53,10,11750.0,2783.0,0.23685106382978724,0.18867924528301888,0.04817181854676836
Festival,Synchronized,33,51,10,8469.0,2955.0,0.34891958908962095,0.19607843137254902,0.15284115771707193
Festival,Synchronized,34,54,10,10650.0,4540.0,0.4262910798122066,0.18518518518518517,0.24110589462702142
Festival,Synchronized,35,44,10,5370.0,1560.0,0.2905027932960894,0.22727272727272727,0.06323006602336215
Festival,Synchronized,36,53,10,8783.0,1889.0,0.21507457588523285,0.18867924528301888,0.026395330602213968
Festival,Synchronized,37,52,10,7714.0,3175.0,0.41158931812289345,0.19230769230769232,0.21928162581520114
Festival,Synchronized,38,48,10,6869.0,1505.0,0.21910030572135683,0.20833333333333334,0.010766972388023488
Festival,Synchronized,39,56,1,8739.0,65.0,0.007437921959034214,0.017857142857142856,-0.010419220898108643
Festival,Synchronized,40,41,10,7498.0,2064.0,0.27527340624166446,0.24390243902439024,0.031370967217274226
Festival,Synchronized,41,53,10,8228.0,1826.0,0.22192513368983957,0.18867924528301888,0.03324588840682069
Festival,Synchronized,42,67,10,11420.0,2820.0,0.2469352014010508,0.14925373134328357,0.09768147005776723
Festival,Synchronized,43,47,10,9791.0,4130.0,0.42181595342661626,0.2127659574468085,0.20904999597980775
Festival,Synchronized,44,49,10,9344.0,3810.0,0.4077482876712329,0.20408163265306123,0.20366665501817166
Festival,Synchronized,45,46,10,6955.0,1120.0,0.16103522645578722,0.21739130434782608,-0.056356077892038864
Festival,Synchronized,46,36,10,6310.0,2829.0,0.4483359746434231,0.2777777777777778,0.17055819686564533
Festival,Synchronized,47,46,10,6550.0,1717.0,0.26213740458015267,0.21739130434782608,0.044746100232326586
Festival,Synchronized,48,61,10,10077.0,1434.0,0.14230425721941053,0.16393442622950818,-0.02163016901009765
Festival,Synchronized,49,47,10,7845.0,2622.0,0.33422562141491396,0.2127659574468085,0.12145966396810545
Festival,Synchronized,50,45,10,6327.0,2827.0,0.4468152362889205,0.2222222222222222,0.2245930140666983
Festival,Synchronized,51,39,10,8092.0,4370.0,0.5400395452298566,0.2564102564102564,0.28362928881960026
Festival,Synchronized,52,43,10,6087.0,1777.0,0.2919336290455068,0.23255813953488372,0.059375489510623075
Festival,Synchronized,53,41,10,5830.0,1799.0,0.30857632933104634,0.24390243902439024,0.0646738903066561
Festival,Synchronized,54,40,10,5017.0,1210.0,0.24117998804066176,0.25,-0.008820011959338236
Festival,Synchronized,55,49,10,7981.0,1821.0,0.2281668963788999,0.20408163265306123,0.024085263725838663
Festival,Synchronized,56,40,10,7250.0,4030.0,0.5558620689655173,0.25,0.30586206896551726
Festival,Synchronized,57,51,10,6728.0,1465.0,0.21774673008323425,0.19607843137254902,0.021668298710685235
Festival,Synchronized,58,54,10,7330.0,1971.0,0.26889495225102317,0.18518518518518517,0.08370976706583799
Festival,Synchronized,59,39,10,6561.0,2260.0,0.34445968602347204,0.2564102564102564,0.08804942961321566
Festival,Synchronized,60,54,10,8649.0,1557.0,0.18002081165452655,0.18518518518518517,-0.005164373530658628
Festival,Synchronized,61,50,10,7149.0,1195.0,0.16715624562875928,0.2,-0.032843754371240735
Festival,Synchronized,62,47,10,8616.0,4030.0,0.4677344475394615,0.2127659574468085,0.254968490092653
Festival,Synchronized,63,51,10,7728.0,2540.0,0.32867494824016563,0.19607843137254902,0.13259651686761662
Festival,Synchronized,64,42,10,6892.0,2892.0,0.4196169471851422,0.23809523809523808,0.18152170908990412
Festival,Synchronized,65,53,10,7650.0,2505.0,0.32745098039215687,0.18867924528301888,0.13877173510913798
Festival,Synchronized,66,49,10,9245.0,3046.0,0.3294753921038399,0.20408163265306123,0.12539375945077869
Festival,Synchronized,67,47,10,5543.0,1200.0,0.2164892657405737,0.2127659574468085,0.0037233082937651873
Festival,Synchronized,68,51,10,9002.0,1939.0,0.21539657853810265,0.19607843137254902,0.019318147165553634
Festival,Synchronized,69,47,10,7858.0,1518.0,0.19317892593535252,0.2127659574468085,-0.019587031511455993
Festival,Synchronized,70,49,10,9183.0,2362.0,0.2572144179462049,0.20408163265306123,0.05313278529314369
Festival,Synchronized,71,48,10,6644.0,2165.0,0.3258579169175196,0.20833333333333334,0.11752458358418624
Festival,Synchronized,72,50,10,7756.0,1791.0,0.23091799896854048,0.2,0.030917998968540472
Festival,Synchronized,73,50,10,7147.0,1815.0,0.2539527074296908,0.2,0.05395270742969077
Festival,Synchronized,74,56,10,11349.0,3925.0,0.34584544893823244,0.17857142857142858,0.16727402036680386
Festival,Synchronized,75,34,10,5269.0,1964.0,0.37274625166065667,0.29411764705882354,0.07862860460183313
Festival,Synchronized,76,39,10,4145.0,1020.0,0.24607961399276237,0.2564102564102564,-0.010330642417494013
Festival,Synchronized,77,49,10,7389.0,1545.0,0.2090946000812018,0.20408163265306123,0.005012967428140558
Festival,Synchronized,78,46,10,8119.0,4030.0,0.49636654760438476,0.21739130434782608,0.27897524325655865
Festival,Synchronized,79,51,10,7332.0,1755.0,0.2393617021276596,0.19607843137254902,0.04328327075511057
Festival,Synchronized,80,41,10,5654.0,1780.0,0.314821365405023,0.24390243902439024,0.07091892638063274
Festival,Synchronized,81,53,10,10554.0,4030.0,0.38184574568883833,0.18867924528301888,0.19316650040581945
Festival,Synchronized,82,52,10,8347.0,2712.0,0.3249071522702767,0.19230769230769232,0.1325994599625844
Festival,Synchronized,83,59,10,8654.0,2480.0,0.2865726831522995,0.1694915254237288,0.1170811577285707
Festival,Synchronized,84,57,10,10708.0,2837.0,0.26494209936496077,0.17543859649122806,0.08950350287373271
Festival,Synchronized,85,44,3,7287.0,532.0,0.07300672430355427,0.06818181818181818,0.004824906121736097
Festival,Synchronized,86,51,10,6798.0,1978.0,0.29096793174463076,0.19607843137254902,0.09488950037208174
Festival,Synchronized,87,48,10,7264.0,1740.0,0.2395374449339207,0.20833333333333334,0.031204111600587364
Festival,Synchronized,88,48,10,5904.0,1294.0,0.21917344173441736,0.20833333333333334,0.010840108401084014
Festival,Synchronized,89,52,10,8521.0,1280.0,0.150217110667762,0.19230769230769232,-0.04209058163993032
Festival,Synchronized,90,53,10,8345.0,3084.0,0.3695626123427202,0.18867924528301888,0.18088336705970132
Festival,Synchronized,91,53,10,8569.0,1577.0,0.18403547671840353,0.18867924528301888,-0.004643768564615347
Festival,Synchronized,92,53,10,7778.0,1690.0,0.21727950629982,0.18867924528301888,0.028600261016801132
Festival,Synchronized,93,51,10,8836.0,1892.0,0.21412403802625624,0.19607843137254902,0.01804560665370722
Festival,Synchronized,94,45,10,6229.0,1955.0,0.31385455129234224,0.2222222222222222,0.09163232907012003
Festival,Synchronized,95,45,10,7399.0,2151.0,0.29071496148128123,0.2222222222222222,0.06849273925905902
Festival,Synchronized,96,48,10,7927.0,2090.0,0.2636558597199445,0.20833333333333334,0.05532252638661114
Festival,Synchronized,97,51,10,8029.0,1710.0,0.2129779549134388,0.19607843137254902,0.016899523540889777
Festival,Synchronized,98,44,10,5704.0,1850.0,0.32433380084151475,0.22727272727272727,0.09706107356878749
Festival,Synchronized,99,49,10,8224.0,3240.0,0.3939688715953307,0.20408163265306123,0.1898872389422695
Festival,Synchronized,100,63,10,8780.0,1262.0,0.1437357630979499,0.15873015873015872,-0.014994395632208835
Festival,Uniform,1,50,10,7772.0,745.0,0.0958569222851261,0.2,-0.10414307771487391
Festival,Uniform,2,44,10,4659.0,640.0,0.13736853402017601,0.22727272727272727,-0.08990419325255125
Festival,Uniform,3,33,10,3871.0,1310.0,0.33841384655127876,0.30303030303030304,0.035383543520975724
Festival,Uniform,4,42,10,6441.0,1881.0,0.2920353982300885,0.23809523809523808,0.05394016013485042
Festival,Uniform,5,47,10,6315.0,953.0,0.15091053048297703,0.2127659574468085,-0.06185542696383148
Festival,Uniform,6,53,10,10050.0,2162.0,0.21512437810945273,0.18867924528301888,0.026445132826433848
Festival,Uniform,7,51,10,5889.0,1100.0,0.18678892851078283,0.19607843137254902,-0.009289502861766191
Festival,Uniform,8,39,10,3725.0,760.0,0.2040268456375839,0.2564102564102564,-0.0523834107726725
Festival,Uniform,9,51,10,7778.0,1291.0,0.16598097197222936,0.19607843137254902,-0.03009745940031966
Festival,Uniform,10,45,10,5533.0,675.0,0.12199530092174227,0.2222222222222222,-0.10022692130047994
Festival,Uniform,11,43,10,6778.0,1005.0,0.14827382708763648,0.23255813953488372,-0.08428431244724724
Festival,Uniform,12,46,10,6114.0,710.0,0.11612692181877658,0.21739130434782608,-0.1012643825290495
Festival,Uniform,13,46,10,6965.0,1160.0,0.1665470208183776,0.21739130434782608,-0.050844283529448475
Festival,Uniform,14,46,10,5563.0,580.0,0.1042602912097789,0.21739130434782608,-0.11313101313804719
Festival,Uniform,15,53,10,8440.0,725.0,0.08590047393364929,0.18867924528301888,-0.1027787713493696
Festival,Uniform,16,51,10,7071.0,1070.0,0.1513223023617593,0.19607843137254902,-0.04475612901078971
Festival,Uniform,17,48,10,5757.0,771.0,0.13392391870766024,0.20833333333333334,-0.0744094146256731
Festival,Uniform,18,54,10,9941.0,1830.0,0.1840861080374208,0.18518518518518517,-0.001099077147764388
Festival,Uniform,19,49,10,5818.0,835.0,0.14352011000343762,0.20408163265306123,-0.06056152264962361
Festival,Uniform,20,51,10,6871.0,1487.0,0.21641682433415804,0.19607843137254902,0.020338392961609025
Festival,Uniform,21,52,10,8348.0,1219.0,0.14602299952084333,0.19230769230769232,-0.04628469278684899
Festival,Uniform,22,57,7,10826.0,445.0,0.041104747829299834,0.12280701754385964,-0.08170226971455981
Festival,Uniform,23,48,10,7443.0,1735.0,0.2331049308074701,0.20833333333333334,0.024771597474136764
Festival,Uniform,24,45,10,5940.0,1174.0,0.19764309764309765,0.2222222222222222,-0.02457912457912456
Festival,Uniform,25,51,10,7591.0,1584.0,0.20866815966275853,0.19607843137254902,0.012589728290209518
Festival,Uniform,26,46,10,7154.0,1775.0,0.24811294380766005,0.21739130434782608,0.03072163945983397
Festival,Uniform,27,47,10,8704.0,2667.0,0.3064108455882353,0.2127659574468085,0.09364488814142677
Festival,Uniform,28,46,10,5965.0,1180.0,0.1978206202849958,0.21739130434782608,-0.019570684062830274
Festival,Uniform,29,37,10,5269.0,595.0,0.11292465363446574,0.2702702702702703,-0.15734561663580454
Festival,Uniform,30,46,10,5365.0,1010.0,0.18825722273998136,0.21739130434782608,-0.029134081607844725
Festival,Uniform,31,50,10,7320.0,1511.0,0.2064207650273224,0.2,0.006420765027322389
Festival,Uniform,32,50,10,9297.0,1662.0,0.17876734430461438,0.2,-0.021232655695385627
Festival,Uniform,33,51,10,7110.0,1421.0,0.19985935302390997,0.19607843137254902,0.003780921651360958
Festival,Uniform,34,50,10,7355.0,1880.0,0.2556084296397009,0.2,0.05560842963970086
Festival,Uniform,35,44,10,5773.0,1505.0,0.26069634505456435,0.22727272727272727,0.033423617781837084
Festival,Uniform,36,54,10,7931.0,2194.0,0.2766359853738494,0.18518518518518517,0.09145080018866425
Festival,Uniform,37,49,10,6228.0,1294.0,0.2077713551701991,0.20408163265306123,0.0036897225171378667
Festival,Uniform,38,47,10,5832.0,880.0,0.15089163237311384,0.2127659574468085,-0.06187432507369467
Festival,Uniform,39,60,8,10736.0,1486.0,0.1384128166915052,0.13333333333333333,0.005079483358171877
Festival,Uniform,40,43,10,6797.0,1466.0,0.21568338973076356,0.23255813953488372,-0.016874749804120154
Festival,Uniform,41,53,10,7869.0,1083.0,0.1376286694624476,0.18867924528301888,-0.05105057582057129
Festival,Uniform,42,66,10,10235.0,1970.0,0.19247679531021006,0.15151515151515152,0.04096164379505854
Festival,Uniform,43,47,10,8201.0,1284.0,0.15656627240580417,0.2127659574468085,-0.05619968504100434
Festival,Uniform,44,51,10,7526.0,1831.0,0.2432899282487377,0.19607843137254902,0.0472114968761887
Festival,Uniform,45,49,10,8329.0,805.0,0.0966502581342298,0.20408163265306123,-0.10743137451883143
Festival,Uniform,46,36,10,6680.0,2555.0,0.38248502994011974,0.2777777777777778,0.10470725216234195
Festival,Uniform,47,41,10,6082.0,1085.0,0.17839526471555409,0.24390243902439024,-0.06550717430883615
Festival,Uniform,48,60,10,11275.0,2044.0,0.1812860310421286,0.16666666666666666,0.014619364375461935
Festival,Uniform,49,47,10,6771.0,1600.0,0.23630187564613794,0.2127659574468085,0.02353591819932943
Festival,Uniform,50,47,10,5670.0,1353.0,0.23862433862433863,0.2127659574468085,0.025858381177530115
Festival,Uniform,51,39,10,4495.0,1295.0,0.28809788654060065,0.2564102564102564,0.03168763013034426
Festival,Uniform,52,42,10,5448.0,1478.0,0.2712922173274596,0.23809523809523808,0.033196979232221535
Festival,Uniform,53,44,10,6059.0,2089.0,0.3447763657369203,0.22727272727272727,0.11750363846419301
Festival,Uniform,54,37,10,4995.0,645.0,0.12912912912912913,0.2702702702702703,-0.14114114114114115
Festival,Uniform,55,46,8,5674.0,1145.0,0.20179767359887205,0.17391304347826086,0.02788463012061118
Festival,Uniform,56,40,10,4350.0,915.0,0.2103448275862069,0.25,-0.0396551724137931
Festival,Uniform,57,50,10,6729.0,730.0,0.10848565908753158,0.2,-0.09151434091246843
Festival,Uniform,58,54,10,8267.0,1357.0,0.16414660699165357,0.18518518518518517,-0.02103857819353161
Festival,Uniform,59,39,10,6109.0,1856.0,0.3038140448518579,0.2564102564102564,0.047403788441601535
Festival,Uniform,60,52,10,8564.0,1432.0,0.16721158337225595,0.19230769230769232,-0.025096108935436373
Festival,Uniform,61,49,10,5949.0,963.0,0.16187594553706505,0.20408163265306123,-0.04220568711599618
Festival,Uniform,62,44,10,5109.0,870.0,0.17028772753963595,0.22727272727272727,-0.05698499973309132
Festival,Uniform,63,50,10,7100.0,1180.0,0.16619718309859155,0.2,-0.03380281690140846
Festival,Uniform,64,42,10,6289.0,1771.0,0.28160279853712833,0.23809523809523808,0.04350756044189025
Festival,Uniform,65,52,10,6191.0,1670.0,0.2697464060733323,0.19230769230769232,0.07743871376563996
Festival,Uniform,66,49,10,7542.0,1134.0,0.15035799522673032,0.20408163265306123,-0.053723637426330906
Festival,Uniform,67,48,10,5902.0,1423.0,0.24110471026770586,0.20833333333333334,0.032771376934372515
Festival,Uniform,68,48,10,7590.0,730.0,0.09617918313570488,0.20833333333333334,-0.11215415019762846
Festival,Uniform,69,49,10,8183.0,1385.0,0.1692533300745448,0.20408163265306123,-0.034828302578516435
Festival,Uniform,70,46,9,6766.0,1315.0,0.19435412355897133,0.1956521739130435,-0.0012980503540721555
Festival,Uniform,71,47,10,5783.0,950.0,0.16427459795953658,0.2127659574468085,-0.04849135948727193
Festival,Uniform,72,49,10,7548.0,1190.0,0.15765765765765766,0.20408163265306123,-0.04642397499540357
Festival,Uniform,73,49,10,8405.0,755.0,0.08982748364069007,0.20408163265306123,-0.11425414901237116
Festival,Uniform,74,54,10,10031.0,2766.0,0.27574518991127506,0.18518518518518517,0.09056000472608988
Festival,Uniform,75,35,10,4422.0,1237.0,0.2797376752600633,0.2857142857142857,-0.005976610454222375
Festival,Uniform,76,39,10,4397.0,797.0,0.18125994996588582,0.2564102564102564,-0.07515030644437057
Festival,Uniform,77,50,10,5860.0,770.0,0.13139931740614336,0.2,-0.06860068259385665
Festival,Uniform,78,46,10,5923.0,1345.0,0.2270808711801452,0.21739130434782608,0.009689566832319113
Festival,Uniform,79,52,10,7185.0,1804.0,0.2510786360473208,0.19230769230769232,0.05877094373962846
Festival,Uniform,80,42,10,5902.0,1211.0,0.20518468315825145,0.23809523809523808,-0.032910554936986636
Festival,Uniform,81,51,10,8418.0,655.0,0.07780945592777382,0.19607843137254902,-0.1182689754447752
Festival,Uniform,82,50,10,7528.0,1852.0,0.24601487778958556,0.2,0.046014877789585545
Festival,Uniform,83,58,10,8780.0,2017.0,0.2297266514806378,0.1724137931034483,0.057312858377189524
Festival,Uniform,84,56,9,11611.0,2936.0,0.2528636637671174,0.16071428571428573,0.09214937805283166
Festival,Uniform,85,49,10,10981.0,2545.0,0.2317639559238685,0.20408163265306123,0.027682323270807274
Festival,Uniform,86,51,10,6133.0,771.0,0.1257133539866297,0.19607843137254902,-0.07036507738591932
Festival,Uniform,87,49,10,6533.0,870.0,0.1331700596969233,0.20408163265306123,-0.07091157295613792
Festival,Uniform,88,50,10,4623.0,610.0,0.1319489508976855,0.2,-0.06805104910231452
Festival,Uniform,89,52,10,8407.0,1675.0,0.19923872963007017,0.19230769230769232,0.006931037322377848
Festival,Uniform,90,53,10,8393.0,1165.0,0.1388061479804599,0.18867924528301888,-0.04987309730255898
Festival,Uniform,91,51,10,7367.0,1269.0,0.17225464911089997,0.19607843137254902,-0.02382378226164905
Festival,Uniform,92,51,10,7447.0,685.0,0.09198334899959715,0.19607843137254902,-0.10409508237295187
Festival,Uniform,93,48,10,8611.0,945.0,0.10974335152711648,0.20833333333333334,-0.09858998180621686
Festival,Uniform,94,46,10,6128.0,1799.0,0.2935704960835509,0.21739130434782608,0.07617919173572482
Festival,Uniform,95,44,10,4954.0,1480.0,0.2987484860718611,0.22727272727272727,0.07147575879913384
Festival,Uniform,96,47,10,7380.0,991.0,0.13428184281842817,0.2127659574468085,-0.07848411462838034
Festival,Uniform,97,50,10,6622.0,1079.0,0.16294170945333736,0.2,-0.03705829054666265
Festival,Uniform,98,45,10,5433.0,1365.0,0.25124240750966315,0.2222222222222222,0.029020185287440936
Festival,Uniform,99,48,10,6556.0,980.0,0.14948139109212935,0.20833333333333334,-0.05885194224120399
Festival,Uniform,100,63,10,8824.0,885.0,0.10029465095194923,0.15873015873015872,-0.058435507778209494
Holiday,Poisson,1,49,10,7161.0,628.0,0.08769724898757157,0.20408163265306123,-0.11638438366548966
Holiday,Poisson,2,46,10,4058.0,718.0,0.17693445046821094,0.21739130434782608,-0.040456853879615146
Holiday,Poisson,3,33,10,3402.0,1117.0,0.3283362727807172,0.30303030303030304,0.02530596975041416
Holiday,Poisson,4,43,10,6673.0,1614.0,0.24187022328787652,0.23255813953488372,0.009312083752992806
Holiday,Poisson,5,47,10,7104.0,1684.0,0.23704954954954954,0.2127659574468085,0.02428359210274103
Holiday,Poisson,6,52,10,7672.0,2134.0,0.27815432742440044,0.19230769230769232,0.08584663511670812
Holiday,Poisson,7,53,10,6097.0,649.0,0.10644579301295719,0.18867924528301888,-0.0822334522700617
Holiday,Poisson,8,38,10,3896.0,876.0,0.22484599589322382,0.2631578947368421,-0.03831189884361827
Holiday,Poisson,9,49,10,7078.0,1496.0,0.21135914100028255,0.20408163265306123,0.007277508347221323
Holiday,Poisson,10,41,10,5672.0,1320.0,0.23272214386459802,0.24390243902439024,-0.011180295159792214
Holiday,Poisson,11,46,10,6397.0,891.0,0.13928403939346568,0.21739130434782608,-0.0781072649543604
Holiday,Poisson,12,45,10,6032.0,1073.0,0.1778846153846154,0.2222222222222222,-0.04433760683760682
Holiday,Poisson,13,46,10,7459.0,1708.0,0.2289851186486124,0.21739130434782608,0.01159381430078632
Holiday,Poisson,14,46,10,5426.0,1012.0,0.18650939918908957,0.21739130434782608,-0.03088190515873651
Holiday,Poisson,15,53,10,7632.0,1011.0,0.1324685534591195,0.18867924528301888,-0.05621069182389937
Holiday,Poisson,16,50,10,7394.0,1196.0,0.16175277251825804,0.2,-0.038247227481741974
Holiday,Poisson,17,48,10,6660.0,815.0,0.12237237237237238,0.20833333333333334,-0.08596096096096097
Holiday,Poisson,18,52,10,9201.0,1276.0,0.13868057819802196,0.19230769230769232,-0.05362711410967036
Holiday,Poisson,19,52,10,6083.0,882.0,0.14499424626006904,0.19230769230769232,-0.047313446047623275
Holiday,Poisson,20,52,10,8423.0,2100.0,0.2493173453638846,0.19230769230769232,0.057009653056192294
Holiday,Poisson,21,52,10,7452.0,1516.0,0.20343531937734835,0.19230769230769232,0.011127627069656032
Holiday,Poisson,22,60,10,11405.0,1090.0,0.09557211749232793,0.16666666666666666,-0.07109454917433873
Holiday,Poisson,23,47,10,7768.0,1819.0,0.23416580844490217,0.2127659574468085,0.02139985099809366
Holiday,Poisson,24,45,10,6762.0,1709.0,0.25273587695947947,0.2222222222222222,0.030513654737257256
Holiday,Poisson,25,51,10,8377.0,1642.0,0.19601289244359557,0.19607843137254902,-6.553892895344582e-05
Holiday,Poisson,26,47,10,8363.0,2052.0,0.24536649527681453,0.2127659574468085,0.03260053783000602
Holiday,Poisson,27,47,10,9917.0,2611.0,0.2632852677220934,0.2127659574468085,0.05051931027528486
Holiday,Poisson,28,47,10,6238.0,1262.0,0.20230843218980443,0.2127659574468085,-0.01045752525700408
Holiday,Poisson,29,44,10,5370.0,821.0,0.15288640595903166,0.22727272727272727,-0.0743863213136956
Holiday,Poisson,30,45,10,6375.0,1513.0,0.23733333333333334,0.2222222222222222,0.01511111111111113
Holiday,Poisson,31,48,10,8663.0,2039.0,0.23536880988110354,0.20833333333333334,0.027035476547770193
Holiday,Poisson,32,48,10,9005.0,2657.0,0.29505830094392005,0.20833333333333334,0.0867249676105867
Holiday,Poisson,33,50,10,8104.0,2489.0,0.30713228035538004,0.2,0.10713228035538003
Holiday,Poisson,34,49,9,8090.0,2091.0,0.2584672435105068,0.1836734693877551,0.0747937741227517
Holiday,Poisson,35,44,10,5779.0,1758.0,0.30420487973697874,0.22727272727272727,0.07693215246425147
Holiday,Poisson,36,53,10,7366.0,1367.0,0.18558240564756992,0.18867924528301888,-0.0030968396354489613
Holiday,Poisson,37,50,10,6737.0,1442.0,0.21404185839394388,0.2,0.014041858393943868
Holiday,Poisson,38,48,10,7060.0,1577.0,0.22337110481586403,0.20833333333333334,0.015037771482530687
Holiday,Poisson,39,61,9,11231.0,1998.0,0.1779004541002582,0.14754098360655737,0.03035947049370083
Holiday,Poisson,40,41,10,7387.0,1661.0,0.22485447407607959,0.24390243902439024,-0.019047964948310653
Holiday,Poisson,41,53,10,7051.0,1217.0,0.1725996312579776,0.18867924528301888,-0.016079614025041294
Holiday,Poisson,42,65,9,12209.0,1993.0,0.1632402326152838,0.13846153846153847,0.02477869415374534
Holiday,Poisson,43,47,10,6384.0,761.0,0.11920426065162908,0.2127659574468085,-0.09356169679517944
Holiday,Poisson,44,47,10,7797.0,2699.0,0.34615877901757086,0.2127659574468085,0.13339282157076235
Holiday,Poisson,45,46,10,6934.0,609.0,0.08782809345255264,0.21739130434782608,-0.12956321089527345
Holiday,Poisson,46,36,10,5362.0,2116.0,0.39462886982469225,0.2777777777777778,0.11685109204691446
Holiday,Poisson,47,49,10,6399.0,1971.0,0.3080168776371308,0.20408163265306123,0.10393524498406959
Holiday,Poisson,48,62,10,7477.0,806.0,0.10779724488431189,0.16129032258064516,-0.05349307769633327
Holiday,Poisson,49,47,10,7030.0,1647.0,0.23428165007112375,0.2127659574468085,0.02151569262431524
Holiday,Poisson,50,46,10,6747.0,1883.0,0.2790870016303542,0.21739130434782608,0.061695697282528134
Holiday,Poisson,51,39,10,5434.0,2023.0,0.3722856091277144,0.2564102564102564,0.11587535271745802
Holiday,Poisson,52,45,10,4872.0,1197.0,0.24568965517241378,0.2222222222222222,0.023467432950191575
Holiday,Poisson,53,44,10,5643.0,1939.0,0.3436115541378699,0.22727272727272727,0.11633882686514266
Holiday,Poisson,54,37,10,4977.0,567.0,0.11392405063291139,0.2702702702702703,-0.1563462196373589
Holiday,Poisson,55,46,10,7750.0,2359.0,0.30438709677419357,0.21739130434782608,0.08699579242636749
Holiday,Poisson,56,37,10,5546.0,1797.0,0.32401730977280924,0.2702702702702703,0.05374703950253895
Holiday,Poisson,57,51,10,6466.0,1084.0,0.1676461490875348,0.19607843137254902,-0.02843228228501421
Holiday,Poisson,58,54,10,6819.0,1341.0,0.19665640123185218,0.18518518518518517,0.01147121604666701
Holiday,Poisson,59,40,10,4761.0,1265.0,0.26570048309178745,0.25,0.015700483091787454
Holiday,Poisson,60,53,10,8287.0,901.0,0.10872450826595872,0.18867924528301888,-0.07995473701706016
Holiday,Poisson,61,49,10,6888.0,1484.0,0.21544715447154472,0.20408163265306123,0.011365521818483493
Holiday,Poisson,62,46,10,5462.0,1063.0,0.19461735627975102,0.21739130434782608,-0.02277394806807506
Holiday,Poisson,63,50,10,7775.0,2013.0,0.25890675241157557,0.2,0.05890675241157556
Holiday,Poisson,64,42,10,5693.0,1518.0,0.26664324609169154,0.23809523809523808,0.02854800799645346
Holiday,Poisson,65,53,10,6683.0,971.0,0.14529402962741284,0.18867924528301888,-0.043385215655606046
Holiday,Poisson,66,49,10,7581.0,1860.0,0.24535021764938664,0.20408163265306123,0.04126858499632541
Holiday,Poisson,67,47,10,5715.0,1413.0,0.247244094488189,0.2127659574468085,0.034478137041380474
Holiday,Poisson,68,51,10,6423.0,628.0,0.09777362603144948,0.19607843137254902,-0.09830480534109953
Holiday,Poisson,69,47,9,8328.0,1857.0,0.22298270893371758,0.19148936170212766,0.03149334723158992
Holiday,Poisson,70,42,5,6380.0,1187.0,0.1860501567398119,0.11904761904761904,0.06700253769219286
Holiday,Poisson,71,46,10,6232.0,1228.0,0.1970474967907574,0.21739130434782608,-0.020343807557068688
Holiday,Poisson,72,49,10,8405.0,1947.0,0.2316478286734087,0.20408163265306123,0.02756619602034746
Holiday,Poisson,73,49,10,5469.0,786.0,0.1437191442676906,0.20408163265306123,-0.060362488385370616
Holiday,Poisson,74,52,9,9607.0,2668.0,0.277714166753409,0.17307692307692307,0.10463724367648591
Holiday,Poisson,75,35,10,5092.0,1670.0,0.3279654359780047,0.2857142857142857,0.042251150263719006
Holiday,Poisson,76,39,10,5128.0,997.0,0.19442277691107646,0.2564102564102564,-0.06198747949917993
Holiday,Poisson,77,50,10,6886.0,1097.0,0.15930874237583503,0.2,-0.04069125762416498
Holiday,Poisson,78,45,10,6918.0,1232.0,0.1780861520670714,0.2222222222222222,-0.04413607015515081
Holiday,Poisson,79,52,10,7135.0,1819.0,0.2549404344779257,0.19230769230769232,0.06263274217023337
Holiday,Poisson,80,41,10,5369.0,1457.0,0.2713726951015087,0.24390243902439024,0.02747025607711845
Holiday,Poisson,81,49,10,6513.0,696.0,0.10686319668355597,0.20408163265306123,-0.09721843596950526
Holiday,Poisson,82,49,9,7730.0,1986.0,0.25692108667529107,0.1836734693877551,0.07324761728753595
Holiday,Poisson,83,58,10,9635.0,1618.0,0.1679294239750908,0.1724137931034483,-0.004484369128357479
Holiday,Poisson,84,53,10,12086.0,2850.0,0.23581002813172267,0.18867924528301888,0.047130782848703784
Holiday,Poisson,85,50,10,10461.0,3444.0,0.32922282764554056,0.2,0.12922282764554055
Holiday,Poisson,86,51,10,6736.0,1286.0,0.1909144893111639,0.19607843137254902,-0.005163942061385124
Holiday,Poisson,87,48,10,5841.0,1251.0,0.21417565485362094,0.20833333333333334,0.005842321520287602
Holiday,Poisson,88,50,10,4530.0,737.0,0.16269315673289184,0.2,-0.037306843267108175
Holiday,Poisson,89,48,10,7111.0,848.0,0.11925186331036422,0.20833333333333334,-0.08908147002296912
Holiday,Poisson,90,53,10,7363.0,1708.0,0.23197066413146816,0.18867924528301888,0.04329141884844928
Holiday,Poisson,91,51,10,7799.0,1023.0,0.1311706629055007,0.19607843137254902,-0.06490776846704832
Holiday,Poisson,92,52,10,7608.0,991.0,0.13025762355415352,0.19230769230769232,-0.0620500687535388
Holiday,Poisson,93,52,10,9817.0,2642.0,0.26912498726698586,0.19230769230769232,0.07681729495929354
Holiday,Poisson,94,46,10,6045.0,1499.0,0.24797353184449958,0.21739130434782608,0.030582227496673497
Holiday,Poisson,95,46,10,6282.0,1444.0,0.22986310092327283,0.21739130434782608,0.012471796575446753
Holiday,Poisson,96,49,10,6197.0,1361.0,0.21962239793448443,0.20408163265306123,0.015540765281423202
Holiday,Poisson,97,49,10,6835.0,1284.0,0.1878566203365033,0.20408163265306123,-0.01622501231655793
Holiday,Poisson,98,43,10,5505.0,1211.0,0.21998183469573115,0.23255813953488372,-0.012576304839152563
Holiday,Poisson,99,48,10,6193.0,1399.0,0.2259002099144195,0.20833333333333334,0.01756687658108616
Holiday,Poisson,100,63,10,7437.0,1283.0,0.17251579938147102,0.15873015873015872,0.013785640651312298
Holiday,Synchronized,1,52,10,6945.0,1175.0,0.16918646508279336,0.19230769230769232,-0.023121227224898955
Holiday,Synchronized,2,46,10,5564.0,1825.0,0.3280014378145219,0.21739130434782608,0.11061013346669582
Holiday,Synchronized,3,33,10,4614.0,1917.0,0.4154746423927178,0.30303030303030304,0.11244433936241477
Holiday,Synchronized,4,42,10,6762.0,1320.0,0.19520851818988466,0.23809523809523808,-0.04288671990535342
Holiday,Synchronized,5,47,10,7743.0,2020.0,0.26088079555727756,0.2127659574468085,0.048114838110469044
Holiday,Synchronized,6,52,10,8361.0,2997.0,0.35844994617868675,0.19230769230769232,0.16614225387099443
Holiday,Synchronized,7,54,10,7158.0,2020.0,0.28220173232746576,0.18518518518518517,0.09701654714228058
Holiday,Synchronized,8,39,10,4635.0,1620.0,0.34951456310679613,0.2564102564102564,0.09310430669653974
Holiday,Synchronized,9,49,10,8037.0,2450.0,0.3048401144705736,0.20408163265306123,0.10075848181751235
Holiday,Synchronized,10,45,10,7434.0,1665.0,0.22397094430992737,0.2222222222222222,0.0017487220877051568
Holiday,Synchronized,11,42,10,6409.0,1576.0,0.24590419722265563,0.23809523809523808,0.007808959127417553
Holiday,Synchronized,12,47,10,6790.0,1930.0,0.28424153166421207,0.2127659574468085,0.07147557421740355
Holiday,Synchronized,13,47,10,9570.0,3005.0,0.31400208986415884,0.2127659574468085,0.10123613241735033
Holiday,Synchronized,14,46,10,6529.0,1857.0,0.28442334201255937,0.21739130434782608,0.06703203766473328
Holiday,Synchronized,15,53,10,8123.0,1420.0,0.17481226147974885,0.18867924528301888,-0.013866983803270033
Holiday,Synchronized,16,51,10,9221.0,2927.0,0.31742761088819,0.19607843137254902,0.12134917951564098
Holiday,Synchronized,17,50,10,7594.0,1791.0,0.2358440874374506,0.2,0.0358440874374506
Holiday,Synchronized,18,55,10,7150.0,1505.0,0.21048951048951048,0.18181818181818182,0.028671328671328655
Holiday,Synchronized,19,53,10,7038.0,1980.0,0.2813299232736573,0.18867924528301888,0.09265067799063842
Holiday,Synchronized,20,52,10,7991.0,2720.0,0.34038293079714677,0.19230769230769232,0.14807523848945445
Holiday,Synchronized,21,51,10,8633.0,2525.0,0.29248233522529826,0.19607843137254902,0.09640390385274925
Holiday,Synchronized,22,60,10,12163.0,1630.0,0.13401299021622956,0.16666666666666666,-0.0326536764504371
Holiday,Synchronized,23,48,10,7265.0,2060.0,0.28355127322780455,0.20833333333333334,0.0752179398944712
Holiday,Synchronized,24,44,10,9023.0,2630.0,0.29147733569766154,0.22727272727272727,0.06420460842493428
Holiday,Synchronized,25,50,10,10230.0,2810.0,0.27468230694037143,0.2,0.07468230694037142
Holiday,Synchronized,26,46,10,9793.0,2998.0,0.30613703665883796,0.21739130434782608,0.08874573231101188
Holiday,Synchronized,27,48,10,9347.0,3885.0,0.41564138226168823,0.20833333333333334,0.2073080489283549
Holiday,Synchronized,28,47,10,7124.0,2079.0,0.29183043234138123,0.2127659574468085,0.07906447489457272
Holiday,Synchronized,29,40,10,6056.0,1150.0,0.18989431968295906,0.25,-0.060105680317040944
Holiday,Synchronized,30,46,10,7603.0,2460.0,0.3235564908588715,0.21739130434782608,0.10616518651104542
Holiday,Synchronized,31,51,10,10206.0,4195.0,0.41103272584754064,0.19607843137254902,0.21495429447499162
Holiday,Synchronized,32,52,10,11943.0,3448.0,0.28870468056602194,0.19230769230769232,0.09639698825832962
Holiday,Synchronized,33,50,10,8677.0,2950.0,0.3399792555030541,0.2,0.13997925550305407
Holiday,Synchronized,34,49,5,7252.0,1300.0,0.17926089354660782,0.10204081632653061,0.0772200772200772
Holiday,Synchronized,35,44,10,5884.0,2020.0,0.3433038749150238,0.22727272727272727,0.11603114764229652
Holiday,Synchronized,36,52,10,8478.0,2217.0,0.26150035385704173,0.19230769230769232,0.06919266154934942
Holiday,Synchronized,37,48,10,8116.0,3041.0,0.37469196648595365,0.20833333333333334,0.1663586331526203
Holiday,Synchronized,38,52,10,6578.0,1655.0,0.2515962298570994,0.19230769230769232,0.05928853754940708
Holiday,Synchronized,39,54,0,8049.0,0.0,0.0,0.0,0.0
Holiday,Synchronized,40,43,10,7266.0,2506.0,0.3448940269749518,0.23255813953488372,0.11233588744006809
Holiday,Synchronized,41,53,10,7102.0,2080.0,0.2928752464094621,0.18867924528301888,0.10419600112644323
Holiday,Synchronized,42,60,2,8924.0,740.0,0.08292245629762439,0.03333333333333333,0.049589122964291056
Holiday,Synchronized,43,46,10,7869.0,2368.0,0.30092769093912825,0.21739130434782608,0.08353638659130216
Holiday,Synchronized,44,51,10,8637.0,2972.0,0.3441009609818224,0.19607843137254902,0.1480225296092734
Holiday,Synchronized,45,47,10,7411.0,1300.0,0.17541492376197546,0.2127659574468085,-0.03735103368483306
Holiday,Synchronized,46,36,10,6472.0,2980.0,0.4604449938195303,0.2777777777777778,0.1826672160417525
Holiday,Synchronized,47,49,10,6062.0,1757.0,0.28983833718244806,0.20408163265306123,0.08575670452938683
Holiday,Synchronized,48,62,10,10238.0,1573.0,0.1536432897050205,0.16129032258064516,-0.007647032875624654
Holiday,Synchronized,49,47,10,8211.0,2588.0,0.3151869443429546,0.2127659574468085,0.10242098689614607
Holiday,Synchronized,50,47,10,7946.0,2910.0,0.3662219984898062,0.2127659574468085,0.15345604104299768
Holiday,Synchronized,51,39,10,5113.0,2042.0,0.39937414433796203,0.2564102564102564,0.14296388792770565
Holiday,Synchronized,52,44,10,6726.0,1773.0,0.26360392506690455,0.22727272727272727,0.03633119779417729
Holiday,Synchronized,53,41,10,5893.0,1858.0,0.31528932631936196,0.24390243902439024,0.07138688729497172
Holiday,Synchronized,54,40,10,5632.0,1320.0,0.234375,0.25,-0.015625
Holiday,Synchronized,55,48,10,8123.0,3583.0,0.4410931921703804,0.20833333333333334,0.23275985883704706
Holiday,Synchronized,56,39,10,5305.0,1970.0,0.37134778510838834,0.2564102564102564,0.11493752869813195
Holiday,Synchronized,57,52,10,7583.0,2210.0,0.29144138203877096,0.19230769230769232,0.09913368973107864
Holiday,Synchronized,58,54,10,6780.0,1844.0,0.271976401179941,0.18518518518518517,0.08679121599475581
Holiday,Synchronized,59,40,10,5201.0,1900.0,0.3653143626225726,0.25,0.11531436262257261
Holiday,Synchronized,60,54,10,8768.0,2234.0,0.25479014598540145,0.18518518518518517,0.06960496080021628
Holiday,Synchronized,61,48,10,7547.0,1845.0,0.24446800053001191,0.20833333333333334,0.03613466719667857
Holiday,Synchronized,62,44,10,6258.0,1860.0,0.2972195589645254,0.22727272727272727,0.06994683169179813
Holiday,Synchronized,63,51,10,8361.0,3185.0,0.38093529482119365,0.19607843137254902,0.18485686344864463
Holiday,Synchronized,64,42,10,6811.0,2223.0,0.32638379092644254,0.23809523809523808,0.08828855283120446
Holiday,Synchronized,65,53,10,7240.0,2030.0,0.2803867403314917,0.18867924528301888,0.09170749504847281
Holiday,Synchronized,66,49,10,10532.0,4156.0,0.3946069122673756,0.20408163265306123,0.19052527961431437
Holiday,Synchronized,67,48,10,5723.0,1705.0,0.29792067097676045,0.20833333333333334,0.0895873376434271
Holiday,Synchronized,68,51,10,6332.0,1970.0,0.3111181301326595,0.19607843137254902,0.11503969876011047
Holiday,Synchronized,69,49,10,7771.0,1750.0,0.22519624243984043,0.20408163265306123,0.021114609786779204
Holiday,Synchronized,70,38,0,5621.0,0.0,0.0,0.0,0.0
Holiday,Synchronized,71,48,10,7234.0,2070.0,0.2861487420514238,0.20833333333333334,0.07781540871809048
Holiday,Synchronized,72,50,10,8964.0,2050.0,0.2286925479696564,0.2,0.028692547969656396
Holiday,Synchronized,73,49,10,8892.0,1590.0,0.1788124156545209,0.20408163265306123,-0.025269216998540317
Holiday,Synchronized,74,50,5,8189.0,1040.0,0.1269996336549029,0.1,0.026999633654902905
Holiday,Synchronized,75,34,10,5439.0,2246.0,0.41294355580069864,0.29411764705882354,0.1188259087418751
Holiday,Synchronized,76,39,10,5287.0,1220.0,0.23075468129373936,0.2564102564102564,-0.025655575116517032
Holiday,Synchronized,77,48,10,7937.0,1840.0,0.23182562681113772,0.20833333333333334,0.023492293477804377
Holiday,Synchronized,78,46,10,6717.0,1360.0,0.2024713413726366,0.21739130434782608,-0.014919962975189494
Holiday,Synchronized,79,52,10,7272.0,1840.0,0.253025302530253,0.19230769230769232,0.0607176102225607
Holiday,Synchronized,80,41,10,6169.0,1905.0,0.3088020748905819,0.24390243902439024,0.06489963586619169
Holiday,Synchronized,81,53,10,8647.0,1386.0,0.16028680467214063,0.18867924528301888,-0.028392440610878256
Holiday,Synchronized,82,52,10,9800.0,3198.0,0.3263265306122449,0.19230769230769232,0.1340188383045526
Holiday,Synchronized,83,59,10,9622.0,2180.0,0.22656412388276864,0.1694915254237288,0.057072598459039836
Holiday,Synchronized,84,55,9,10224.0,2835.0,0.2772887323943662,0.16363636363636364,0.11365236875800255
Holiday,Synchronized,85,49,10,12109.0,4090.0,0.3377652985382773,0.20408163265306123,0.13368366588521607
Holiday,Synchronized,86,50,10,7469.0,2066.0,0.27660998795019415,0.2,0.07660998795019414
Holiday,Synchronized,87,49,10,6578.0,1689.0,0.2567649741562785,0.20408163265306123,0.052683341503217296
Holiday,Synchronized,88,51,10,5641.0,1350.0,0.23931926963304379,0.19607843137254902,0.04324083826049477
Holiday,Synchronized,89,51,10,8623.0,1125.0,0.1304650353705207,0.19607843137254902,-0.06561339600202831
Holiday,Synchronized,90,53,10,8541.0,2725.0,0.3190492916520314,0.18867924528301888,0.1303700463690125
Holiday,Synchronized,91,52,10,8317.0,1695.0,0.20379944691595528,0.19230769230769232,0.01149175460826296
Holiday,Synchronized,92,53,10,8058.0,1970.0,0.24447753785058327,0.18867924528301888,0.055798292567564384
Holiday,Synchronized,93,52,10,9490.0,2331.0,0.24562697576396206,0.19230769230769232,0.05331928345626974
Holiday,Synchronized,94,46,10,7026.0,2214.0,0.3151152860802733,0.21739130434782608,0.0977239817324472
Holiday,Synchronized,95,45,10,8237.0,3115.0,0.37817166444093725,0.2222222222222222,0.15594944221871504
Holiday,Synchronized,96,48,10,7519.0,2373.0,0.31560047878707276,0.20833333333333334,0.10726714545373942
Holiday,Synchronized,97,50,10,7170.0,2025.0,0.2824267782426778,0.2,0.0824267782426778
Holiday,Synchronized,98,44,10,5904.0,2100.0,0.3556910569105691,0.22727272727272727,0.12841832963784186
Holiday,Synchronized,99,48,10,8366.0,3550.0,0.4243366005259383,0.20833333333333334,0.21600326719260496
Holiday,Synchronized,100,62,10,9022.0,2174.0,0.24096652626911993,0.16129032258064516,0.07967620368847478
Holiday,Uniform,1,52,10,7906.0,640.0,0.08095117632178092,0.19230769230769232,-0.1113565159859114
Holiday,Uniform,2,46,10,4355.0,905.0,0.20780711825487944,0.21739130434782608,-0.009584186092946645
Holiday,Uniform,3,33,10,4274.0,1400.0,0.32756200280767434,0.30303030303030304,0.024531699777371296
Holiday,Uniform,4,42,10,6051.0,1054.0,0.17418608494463725,0.23809523809523808,-0.06390915315060083
Holiday,Uniform,5,47,10,7756.0,1099.0,0.14169675090252706,0.2127659574468085,-0.07106920654428145
Holiday,Uniform,6,52,10,7296.0,1603.0,0.2197094298245614,0.19230769230769232,0.027401737516869085
Holiday,Uniform,7,53,10,6866.0,895.0,0.13035246140401982,0.18867924528301888,-0.05832678387899906
Holiday,Uniform,8,38,10,4114.0,995.0,0.24185707340787554,0.2631578947368421,-0.021300821328966546
Holiday,Uniform,9,49,10,7197.0,1532.0,0.21286647214116994,0.20408163265306123,0.008784839488108709
Holiday,Uniform,10,41,10,5250.0,1017.0,0.19371428571428573,0.24390243902439024,-0.05018815331010451
Holiday,Uniform,11,43,10,6204.0,870.0,0.1402321083172147,0.23255813953488372,-0.09232603121766902
Holiday,Uniform,12,46,10,5751.0,750.0,0.13041210224308816,0.21739130434782608,-0.08697920210473792
Holiday,Uniform,13,45,10,7182.0,2067.0,0.2878028404344194,0.2222222222222222,0.06558061821219718
Holiday,Uniform,14,46,10,5479.0,1025.0,0.1870779339295492,0.21739130434782608,-0.03031337041827689
Holiday,Uniform,15,54,10,7683.0,785.0,0.10217363009241182,0.18518518518518517,-0.08301155509277336
Holiday,Uniform,16,50,10,6798.0,920.0,0.13533392174168873,0.2,-0.06466607825831128
Holiday,Uniform,17,47,10,5823.0,986.0,0.16932852481538727,0.2127659574468085,-0.04343743263142125
Holiday,Uniform,18,54,10,8961.0,1543.0,0.17219060372726258,0.18518518518518517,-0.012994581457922594
Holiday,Uniform,19,49,10,6389.0,880.0,0.1377367350133041,0.20408163265306123,-0.06634489763975712
Holiday,Uniform,20,51,10,8695.0,2219.0,0.2552041403105233,0.19607843137254902,0.05912570893797428
Holiday,Uniform,21,52,10,9218.0,1816.0,0.19700585810371013,0.19230769230769232,0.004698165796017811
Holiday,Uniform,22,54,6,9147.0,796.0,0.08702306767246092,0.1111111111111111,-0.02408804343865019
Holiday,Uniform,23,48,10,7560.0,1405.0,0.18584656084656084,0.20833333333333334,-0.0224867724867725
Holiday,Uniform,24,45,10,6724.0,1975.0,0.2937239738251041,0.2222222222222222,0.07150175160288191
Holiday,Uniform,25,51,10,8308.0,1510.0,0.18175252768415984,0.19607843137254902,-0.01432590368838918
Holiday,Uniform,26,46,10,7567.0,2142.0,0.28307123034227566,0.21739130434782608,0.06567992599444958
Holiday,Uniform,27,48,10,9795.0,3060.0,0.3124042879019908,0.20833333333333334,0.10407095456865748
Holiday,Uniform,28,48,10,6687.0,1650.0,0.24674742036787797,0.20833333333333334,0.03841408703454463
Holiday,Uniform,29,38,10,5626.0,670.0,0.11908993956629932,0.2631578947368421,-0.14406795517054277
Holiday,Uniform,30,46,10,7017.0,1785.0,0.2543822146216332,0.21739130434782608,0.036990910273807104
Holiday,Uniform,31,49,10,8556.0,2180.0,0.25479195885928,0.20408163265306123,0.05071032620621879
Holiday,Uniform,32,53,10,9935.0,2297.0,0.231202818319074,0.18867924528301888,0.04252357303605511
Holiday,Uniform,33,48,10,7140.0,1891.0,0.26484593837535014,0.20833333333333334,0.0565126050420168
Holiday,Uniform,34,52,10,8530.0,2213.0,0.2594372801875733,0.19230769230769232,0.06712958787988096
Holiday,Uniform,35,44,10,5587.0,1095.0,0.1959906926794344,0.22727272727272727,-0.03128203459329287
Holiday,Uniform,36,54,9,7146.0,1273.0,0.17814161768821718,0.16666666666666666,0.011474951021550522
Holiday,Uniform,37,53,10,6994.0,1568.0,0.2241921647126108,0.18867924528301888,0.03551291942959192
Holiday,Uniform,38,47,10,6808.0,1045.0,0.15349588719153937,0.2127659574468085,-0.05927007025526915
Holiday,Uniform,39,62,8,11677.0,2132.0,0.18258114241671664,0.12903225806451613,0.05354888435220051
Holiday,Uniform,40,41,10,6363.0,1715.0,0.26952695269526955,0.24390243902439024,0.025624513670879312
Holiday,Uniform,41,53,10,8870.0,1904.0,0.21465614430665164,0.18867924528301888,0.02597689902363276
Holiday,Uniform,42,64,9,11132.0,1534.0,0.137800934243622,0.140625,-0.0028240657563780025
Holiday,Uniform,43,48,10,6770.0,690.0,0.1019202363367799,0.20833333333333334,-0.10641309699655344
Holiday,Uniform,44,47,10,7921.0,2722.0,0.34364347935866685,0.2127659574468085,0.13087752191185834
Holiday,Uniform,45,45,10,6192.0,675.0,0.10901162790697674,0.2222222222222222,-0.11321059431524547
Holiday,Uniform,46,36,10,5069.0,1933.0,0.3813375419214835,0.2777777777777778,0.10355976414370571
Holiday,Uniform,47,47,10,7108.0,2360.0,0.33202025886325265,0.2127659574468085,0.11925430141644414
Holiday,Uniform,48,60,10,8825.0,1598.0,0.18107648725212463,0.16666666666666666,0.014409820585457978
Holiday,Uniform,49,47,10,7491.0,1879.0,0.25083433453477505,0.2127659574468085,0.03806837708796654
Holiday,Uniform,50,47,10,6829.0,1967.0,0.288036315712403,0.2127659574468085,0.0752703582655945
Holiday,Uniform,51,38,10,5310.0,1612.0,0.30357815442561203,0.2631578947368421,0.040420259688769944
Holiday,Uniform,52,42,10,5594.0,1726.0,0.30854486950303894,0.23809523809523808,0.07044963140780086
Holiday,Uniform,53,43,9,6042.0,1350.0,0.2234359483614697,0.20930232558139536,0.01413362278007435
Holiday,Uniform,54,37,10,5035.0,610.0,0.1211519364448858,0.2702702702702703,-0.14911833382538447
Holiday,Uniform,55,47,10,7098.0,2416.0,0.3403775711468019,0.2127659574468085,0.12761161369999338
Holiday,Uniform,56,39,10,5784.0,1520.0,0.2627939142461964,0.2564102564102564,0.0063836578359400264
Holiday,Uniform,57,52,10,7419.0,1268.0,0.17091252190322145,0.19230769230769232,-0.021395170404470865
Holiday,Uniform,58,55,10,7706.0,1090.0,0.1414482221645471,0.18181818181818182,-0.04036995965363471
Holiday,Uniform,59,40,10,5012.0,1765.0,0.35215482841181167,0.25,0.10215482841181167
Holiday,Uniform,60,53,10,7164.0,1035.0,0.1444723618090452,0.18867924528301888,-0.04420688347397367
Holiday,Uniform,61,47,10,6857.0,1107.0,0.16144086335131982,0.2127659574468085,-0.05132509409548869
Holiday,Uniform,62,44,10,5219.0,870.0,0.16669860126461009,0.22727272727272727,-0.06057412600811718
Holiday,Uniform,63,49,10,8215.0,2179.0,0.26524650030432134,0.20408163265306123,0.06116486765126011
Holiday,Uniform,64,42,10,5655.0,1560.0,0.27586206896551724,0.23809523809523808,0.037766830870279156
Holiday,Uniform,65,51,10,6603.0,1175.0,0.17794941693169772,0.19607843137254902,-0.0181290144408513
Holiday,Uniform,66,50,10,8235.0,1798.0,0.2183363691560413,0.2,0.018336369156041282
Holiday,Uniform,67,47,10,5714.0,1250.0,0.21876093804690233,0.2127659574468085,0.005994980600093819
Holiday,Uniform,68,51,10,6590.0,805.0,0.12215477996965099,0.19607843137254902,-0.07392365140289803
Holiday,Uniform,69,47,10,9544.0,1786.0,0.18713327745180217,0.2127659574468085,-0.025632679995006347
Holiday,Uniform,70,45,7,7246.0,1575.0,0.21736130278774496,0.15555555555555556,0.0618057472321894
Holiday,Uniform,71,48,10,6124.0,955.0,0.15594382756368386,0.20833333333333334,-0.052389505769649486
Holiday,Uniform,72,48,10,7699.0,1220.0,0.1584621379399922,0.20833333333333334,-0.049871195393341144
Holiday,Uniform,73,48,10,7013.0,880.0,0.12548124910879796,0.20833333333333334,-0.08285208422453538
Holiday,Uniform,74,50,6,9207.0,1714.0,0.18616270229173454,0.12,0.06616270229173454
Holiday,Uniform,75,35,10,5493.0,1700.0,0.3094847988348808,0.2857142857142857,0.023770513120595083
Holiday,Uniform,76,39,10,4544.0,735.0,0.16175176056338028,0.2564102564102564,-0.0946584958468761
Holiday,Uniform,77,47,10,6507.0,1185.0,0.18211157215306592,0.2127659574468085,-0.030654385293742592
Holiday,Uniform,78,46,10,6561.0,1361.0,0.20743789056546258,0.21739130434782608,-0.009953413782363502
Holiday,Uniform,79,49,10,7068.0,1753.0,0.2480192416525184,0.20408163265306123,0.04393760899945717
Holiday,Uniform,80,42,10,6271.0,1340.0,0.21368202838462766,0.23809523809523808,-0.024413209710610423
Holiday,Uniform,81,54,10,8818.0,1395.0,0.1581991381265593,0.18518518518518517,-0.026986047058625867
Holiday,Uniform,82,49,9,8904.0,2516.0,0.2825696316262354,0.1836734693877551,0.09889616223848027
Holiday,Uniform,83,59,10,8796.0,1600.0,0.18190086402910413,0.1694915254237288,0.012409338605375325
Holiday,Uniform,84,57,10,10465.0,1815.0,0.17343526039178214,0.17543859649122806,-0.002003336099445918
Holiday,Uniform,85,45,10,9484.0,3423.0,0.3609236609025728,0.2222222222222222,0.13870143868035056
Holiday,Uniform,86,51,10,6792.0,1090.0,0.1604829210836278,0.19607843137254902,-0.03559551028892122
Holiday,Uniform,87,49,10,6547.0,1777.0,0.2714220253551245,0.20408163265306123,0.06734039270206327
Holiday,Uniform,88,50,10,4498.0,580.0,0.12894619831036017,0.2,-0.07105380168963984
Holiday,Uniform,89,49,10,6622.0,645.0,0.09740259740259741,0.20408163265306123,-0.10667903525046382
Holiday,Uniform,90,54,10,8154.0,1665.0,0.2041942604856512,0.18518518518518517,0.019009075300466027
Holiday,Uniform,91,52,10,7887.0,1009.0,0.12793204006593129,0.19230769230769232,-0.06437565224176103
Holiday,Uniform,92,52,10,7401.0,765.0,0.10336441021483583,0.19230769230769232,-0.08894328209285648
Holiday,Uniform,93,51,10,9935.0,2307.0,0.23220936084549573,0.19607843137254902,0.036130929472946716
Holiday,Uniform,94,46,10,6575.0,2034.0,0.3093536121673004,0.21739130434782608,0.09196230781947431
Holiday,Uniform,95,45,10,5339.0,1399.0,0.2620340887806705,0.2222222222222222,0.03981186655844832
Holiday,Uniform,96,49,10,6181.0,1500.0,0.24267917812651674,0.20408163265306123,0.03859754547345551
Holiday,Uniform,97,50,10,8172.0,1218.0,0.14904552129221732,0.2,-0.05095447870778269
Holiday,Uniform,98,42,10,5643.0,1624.0,0.28779018252702465,0.23809523809523808,0.04969494443178657
Holiday,Uniform,99,48,10,6763.0,1295.0,0.19148306964364928,0.20833333333333334,-0.016850263689684064
Holiday,Uniform,100,60,10,8296.0,990.0,0.11933461909353905,0.16666666666666666,-0.0473320475731276
Lunch,Poisson,1,50,10,7553.0,761.0,0.10075466701972727,0.2,-0.09924533298027274
Lunch,Poisson,2,43,10,5901.0,865.0,0.14658532452126757,0.23255813953488372,-0.08597281501361614
Lunch,Poisson,3,33,10,3476.0,1138.0,0.3273878020713464,0.30303030303030304,0.02435749904104334
Lunch,Poisson,4,41,10,6479.0,1363.0,0.21037197098317642,0.24390243902439024,-0.03353046804121382
Lunch,Poisson,5,47,10,7062.0,1197.0,0.16949872557349194,0.2127659574468085,-0.043267231873316575
Lunch,Poisson,6,52,10,8088.0,2096.0,0.2591493570722057,0.19230769230769232,0.06684166476451339
Lunch,Poisson,7,48,10,7621.0,890.0,0.11678257446529326,0.20833333333333334,-0.09155075886804008
Lunch,Poisson,8,38,10,3768.0,908.0,0.24097664543524416,0.2631578947368421,-0.022181249301597927
Lunch,Poisson,9,50,10,7677.0,1612.0,0.20997785593330728,0.2,0.009977855933307272
Lunch,Poisson,10,43,10,5643.0,924.0,0.16374269005847952,0.23255813953488372,-0.0688154494764042
Lunch,Poisson,11,43,10,6176.0,836.0,0.13536269430051814,0.23255813953488372,-0.09719544523436557
Lunch,Poisson,12,44,10,6390.0,1009.0,0.15790297339593115,0.22727272727272727,-0.06936975387679611
Lunch,Poisson,13,47,10,9137.0,2428.0,0.26573273503338074,0.2127659574468085,0.05296677758657223
Lunch,Poisson,14,45,10,4171.0,836.0,0.20043155118676576,0.2222222222222222,-0.021790671035456455
Lunch,Poisson,15,52,10,7712.0,775.0,0.10049273858921162,0.19230769230769232,-0.0918149537184807
Lunch,Poisson,16,47,10,6444.0,1081.0,0.16775294847920547,0.2127659574468085,-0.045013008967603046
Lunch,Poisson,17,48,10,5969.0,1218.0,0.20405428044898644,0.20833333333333334,-0.004279052884346907
Lunch,Poisson,18,51,9,8033.0,1225.0,0.1524959541889705,0.17647058823529413,-0.023974634046323634
Lunch,Poisson,19,51,10,7082.0,1919.0,0.2709686529229031,0.19607843137254902,0.0748902215503541
Lunch,Poisson,20,50,9,5677.0,811.0,0.14285714285714285,0.18,-0.037142857142857144
Lunch,Poisson,21,51,10,8148.0,1895.0,0.23257241040746196,0.19607843137254902,0.03649397903491294
Lunch,Poisson,22,58,8,9734.0,1024.0,0.1051982740908157,0.13793103448275862,-0.03273276039194292
Lunch,Poisson,23,47,10,7303.0,2171.0,0.2972750924277694,0.2127659574468085,0.08450913498096088
Lunch,Poisson,24,45,10,6037.0,1198.0,0.1984429352327315,0.2222222222222222,-0.023779286989490722
Lunch,Poisson,25,51,10,7337.0,1602.0,0.21834537276816138,0.19607843137254902,0.02226694139561236
Lunch,Poisson,26,43,10,7281.0,1793.0,0.24625738222771598,0.23255813953488372,0.013699242692832264
Lunch,Poisson,27,46,10,8386.0,1917.0,0.22859527784402575,0.21739130434782608,0.01120397349619967
Lunch,Poisson,28,47,10,5924.0,1060.0,0.17893315327481432,0.2127659574468085,-0.03383280417199419
Lunch,Poisson,29,39,10,6086.0,547.0,0.0898784094643444,0.2564102564102564,-0.166531846945912
Lunch,Poisson,30,46,10,6056.0,1352.0,0.22324966974900926,0.21739130434782608,0.005858365401183174
Lunch,Poisson,31,53,10,8866.0,2181.0,0.24599593954432664,0.18867924528301888,0.057316694261307755
Lunch,Poisson,32,54,10,10730.0,1860.0,0.1733457595526561,0.18518518518518517,-0.011839425632529071
Lunch,Poisson,33,49,10,7702.0,1824.0,0.23682160477797976,0.20408163265306123,0.032739972124918526
Lunch,Poisson,34,52,10,8100.0,2169.0,0.2677777777777778,0.19230769230769232,0.07547008547008546
Lunch,Poisson,35,43,10,4959.0,1284.0,0.2589231699939504,0.23255813953488372,0.026365030459066657
Lunch,Poisson,36,56,10,7635.0,1201.0,0.1573018991486575,0.17857142857142858,-0.021269529422771077
Lunch,Poisson,37,51,10,7422.0,1087.0,0.14645648073295608,0.19607843137254902,-0.04962195063959293
Lunch,Poisson,38,47,10,5812.0,929.0,0.15984170681348933,0.2127659574468085,-0.05292425063331918
Lunch,Poisson,39,62,10,11356.0,1257.0,0.11069038393800634,0.16129032258064516,-0.050599938642638814
Lunch,Poisson,40,41,10,6318.0,1820.0,0.2880658436213992,0.24390243902439024,0.04416340459700896
Lunch,Poisson,41,51,10,7737.0,1343.0,0.17358149153418637,0.19607843137254902,-0.02249693983836265
Lunch,Poisson,42,68,10,9824.0,1670.0,0.16999185667752442,0.14705882352941177,0.022933033148112653
Lunch,Poisson,43,47,10,8514.0,1041.0,0.1222692036645525,0.2127659574468085,-0.09049675378225601
Lunch,Poisson,44,52,10,8090.0,2337.0,0.2888751545117429,0.19230769230769232,0.09656746220405057
Lunch,Poisson,45,49,10,7286.0,781.0,0.1071918748284381,0.20408163265306123,-0.09688975782462313
Lunch,Poisson,46,36,10,6344.0,2643.0,0.4166141235813367,0.2777777777777778,0.1388363458035589
Lunch,Poisson,47,46,10,6595.0,1362.0,0.20652009097801366,0.21739130434782608,-0.010871213369812421
Lunch,Poisson,48,61,10,9685.0,1389.0,0.14341765616933402,0.16393442622950818,-0.02051677006017416
Lunch,Poisson,49,47,10,7184.0,1801.0,0.250695991091314,0.2127659574468085,0.037930033644505506
Lunch,Poisson,50,47,10,6956.0,1987.0,0.2856526739505463,0.2127659574468085,0.07288671650373776
Lunch,Poisson,51,39,10,5287.0,1777.0,0.3361074333270286,0.2564102564102564,0.0796971769167722
Lunch,Poisson,52,42,10,5587.0,1558.0,0.2788616431000537,0.23809523809523808,0.0407664050048156
Lunch,Poisson,53,44,10,6239.0,1881.0,0.30149062349735534,0.22727272727272727,0.07421789622462807
Lunch,Poisson,54,38,10,4260.0,879.0,0.2063380281690141,0.2631578947368421,-0.056819866567828003
Lunch,Poisson,55,45,8,5929.0,1294.0,0.2182492831843481,0.17777777777777778,0.040471505406570324
Lunch,Poisson,56,39,10,5465.0,1074.0,0.19652333028362307,0.2564102564102564,-0.05988692612663332
Lunch,Poisson,57,47,10,6809.0,1470.0,0.21589073285357616,0.2127659574468085,0.0031247754067676436
Lunch,Poisson,58,53,10,8013.0,1646.0,0.20541619867714964,0.18867924528301888,0.016736953394130755
Lunch,Poisson,59,39,10,5701.0,1137.0,0.19943869496579547,0.2564102564102564,-0.056971561444460916
Lunch,Poisson,60,54,10,8581.0,1259.0,0.14671949656217223,0.18518518518518517,-0.038465688623012945
Lunch,Poisson,61,49,10,7077.0,1234.0,0.17436766991663133,0.20408163265306123,-0.0297139627364299
Lunch,Poisson,62,43,10,5589.0,986.0,0.17641796385757738,0.23255813953488372,-0.056140175677306337
Lunch,Poisson,63,50,10,7281.0,1521.0,0.2088998763906057,0.2,0.008899876390605688
Lunch,Poisson,64,41,10,6890.0,1768.0,0.25660377358490566,0.24390243902439024,0.01270133456051542
Lunch,Poisson,65,53,10,6152.0,1220.0,0.19830949284785435,0.18867924528301888,0.009630247564835465
Lunch,Poisson,66,47,10,6731.0,1769.0,0.26281384638240973,0.2127659574468085,0.05004788893560122
Lunch,Poisson,67,48,10,6002.0,1290.0,0.2149283572142619,0.20833333333333334,0.006595023880928558
Lunch,Poisson,68,50,10,6264.0,825.0,0.13170498084291188,0.2,-0.06829501915708813
Lunch,Poisson,69,50,10,8656.0,1403.0,0.1620841035120148,0.2,-0.03791589648798521
Lunch,Poisson,70,47,9,7755.0,1373.0,0.17704706640876855,0.19148936170212766,-0.014442295293359109
Lunch,Poisson,71,48,10,5869.0,790.0,0.13460555460896234,0.20833333333333334,-0.073727778724371
Lunch,Poisson,72,50,10,8382.0,1464.0,0.17465998568360774,0.2,-0.025340014316392268
Lunch,Poisson,73,49,10,6604.0,1017.0,0.1539975772259237,0.20408163265306123,-0.050084055427137536
Lunch,Poisson,74,53,10,9766.0,1946.0,0.19926274831046487,0.18867924528301888,0.010583503027445984
Lunch,Poisson,75,35,10,4603.0,1931.0,0.41950901585922223,0.2857142857142857,0.13379473014493654
Lunch,Poisson,76,39,10,4874.0,952.0,0.19532211735740665,0.2564102564102564,-0.06108813905284974
Lunch,Poisson,77,48,10,6645.0,1008.0,0.15169300225733634,0.20833333333333334,-0.056640331075997
Lunch,Poisson,78,45,10,6417.0,831.0,0.1294997662459093,0.2222222222222222,-0.0927224559763129
Lunch,Poisson,79,51,10,7215.0,1094.0,0.15162855162855163,0.19607843137254902,-0.04444987974399739
Lunch,Poisson,80,42,10,6743.0,2085.0,0.30920955064511346,0.23809523809523808,0.07111431254987538
Lunch,Poisson,81,52,10,7846.0,870.0,0.11088452714759113,0.19230769230769232,-0.08142316516010119
Lunch,Poisson,82,51,10,8398.0,2370.0,0.2822100500119076,0.19607843137254902,0.08613161863935856
Lunch,Poisson,83,58,10,8995.0,1227.0,0.13640911617565313,0.1724137931034483,-0.03600467692779516
Lunch,Poisson,84,56,10,11474.0,3097.0,0.2699145895067108,0.17857142857142858,0.09134316093528225
Lunch,Poisson,85,51,10,9753.0,2455.0,0.2517174202809392,0.19607843137254902,0.05563898890839017
Lunch,Poisson,86,51,10,6479.0,1297.0,0.2001852137675567,0.19607843137254902,0.0041067823950076965
Lunch,Poisson,87,48,10,7080.0,1523.0,0.2151129943502825,0.20833333333333334,0.006779661016949157
Lunch,Poisson,88,45,10,5762.0,775.0,0.13450190905935439,0.2222222222222222,-0.08772031316286782
Lunch,Poisson,89,53,10,8201.0,643.0,0.0784050725521278,0.18867924528301888,-0.11027417273089109
Lunch,Poisson,90,54,10,8161.0,1539.0,0.1885798309030756,0.18518518518518517,0.0033946457178904155
Lunch,Poisson,91,50,10,8116.0,997.0,0.1228437654016757,0.2,-0.07715623459832431
Lunch,Poisson,92,51,10,7954.0,1104.0,0.13879808901181795,0.19607843137254902,-0.05728034236073107
Lunch,Poisson,93,49,10,8692.0,1917.0,0.22054763000460192,0.20408163265306123,0.016465997351540695
Lunch,Poisson,94,46,10,5607.0,1367.0,0.2438023898698056,0.21739130434782608,0.026411085521979516
Lunch,Poisson,95,46,10,5894.0,1492.0,0.25313878520529354,0.21739130434782608,0.035747480857467456
Lunch,Poisson,96,49,10,7550.0,1140.0,0.1509933774834437,0.20408163265306123,-0.053088255169617515
Lunch,Poisson,97,46,10,7706.0,1355.0,0.17583701012198288,0.21739130434782608,-0.0415542942258432
Lunch,Poisson,98,45,10,6007.0,1878.0,0.3126352588646579,0.2222222222222222,0.09041303664243566
Lunch,Poisson,99,45,10,6805.0,1291.0,0.18971344599559148,0.2222222222222222,-0.03250877622663073
Lunch,Poisson,100,59,9,7813.0,1203.0,0.1539741456546781,0.15254237288135594,0.0014317727733221541
Lunch,Synchronized,1,52,10,8587.0,1200.0,0.139746127867707,0.19230769230769232,-0.05256156443998533
Lunch,Synchronized,2,45,10,5623.0,1605.0,0.2854348212697848,0.2222222222222222,0.0632125990475626
Lunch,Synchronized,3,33,10,4108.0,1700.0,0.41382667964946446,0.30303030303030304,0.11079637661916142
Lunch,Synchronized,4,42,10,6352.0,1055.0,0.16608942065491183,0.23809523809523808,-0.07200581744032625
Lunch,Synchronized,5,47,10,8103.0,2710.0,0.33444403307417003,0.2127659574468085,0.12167807562736152
Lunch,Synchronized,6,49,10,8045.0,2776.0,0.34505904288377875,0.20408163265306123,0.14097741023071753
Lunch,Synchronized,7,50,10,8627.0,1655.0,0.19183957343224758,0.2,-0.008160426567752427
Lunch,Synchronized,8,38,10,4645.0,1640.0,0.35306781485468247,0.2631578947368421,0.08990992011784038
Lunch,Synchronized,9,49,10,9147.0,3560.0,0.38919864436427243,0.20408163265306123,0.1851170117112112
Lunch,Synchronized,10,43,10,7023.0,1144.0,0.1628933504200484,0.23255813953488372,-0.06966478911483531
Lunch,Synchronized,11,43,10,6969.0,1720.0,0.24680728942459462,0.23255813953488372,0.014249149889710905
Lunch,Synchronized,12,45,10,7338.0,2050.0,0.2793676751158354,0.2222222222222222,0.05714545289361317
Lunch,Synchronized,13,47,10,7504.0,2435.0,0.32449360341151384,0.2127659574468085,0.11172764596470533
Lunch,Synchronized,14,46,10,5310.0,1330.0,0.2504708097928437,0.21739130434782608,0.033079505445017615
Lunch,Synchronized,15,53,10,6906.0,1405.0,0.2034462785983203,0.18867924528301888,0.014767033315301409
Lunch,Synchronized,16,49,10,7957.0,2485.0,0.3123036320221189,0.20408163265306123,0.10822199936905769
Lunch,Synchronized,17,49,10,5974.0,1160.0,0.1941747572815534,0.20408163265306123,-0.009906875371507834
Lunch,Synchronized,18,55,10,7898.0,1289.0,0.16320587490503924,0.18181818181818182,-0.018612306913142584
Lunch,Synchronized,19,49,10,6890.0,1945.0,0.2822931785195936,0.20408163265306123,0.0782115458665324
Lunch,Synchronized,20,52,10,8116.0,3190.0,0.39305076392311483,0.19230769230769232,0.2007430716154225
Lunch,Synchronized,21,53,10,10304.0,2935.0,0.2848408385093168,0.18867924528301888,0.09616159322629791
Lunch,Synchronized,22,59,10,10435.0,1720.0,0.1648298993770963,0.1694915254237288,-0.0046616260466325055
Lunch,Synchronized,23,48,10,7833.0,3338.0,0.4261457934380186,0.20833333333333334,0.21781246010468527
Lunch,Synchronized,24,44,10,7803.0,2495.0,0.3197488145585031,0.22727272727272727,0.09247608728577586
Lunch,Synchronized,25,50,10,8353.0,3551.0,0.42511672453010896,0.2,0.22511672453010895
Lunch,Synchronized,26,49,10,10322.0,3300.0,0.3197054834334431,0.20408163265306123,0.1156238507803819
Lunch,Synchronized,27,47,10,9137.0,3280.0,0.3589799715442705,0.2127659574468085,0.14621401409746201
Lunch,Synchronized,28,48,10,9947.0,5740.0,0.5770584095707249,0.20833333333333334,0.3687250762373915
Lunch,Synchronized,29,42,10,6188.0,1045.0,0.16887524240465418,0.23809523809523808,-0.0692199956905839
Lunch,Synchronized,30,46,10,6264.0,2100.0,0.33524904214559387,0.21739130434782608,0.11785773779776779
Lunch,Synchronized,31,51,10,9972.0,3870.0,0.388086642599278,0.19607843137254902,0.19200821122672898
Lunch,Synchronized,32,51,10,11169.0,2853.0,0.25543916196615635,0.19607843137254902,0.05936073059360733
Lunch,Synchronized,33,48,10,8680.0,3065.0,0.353110599078341,0.20833333333333334,0.14477726574500768
Lunch,Synchronized,34,52,10,9992.0,3236.0,0.3238590872698158,0.19230769230769232,0.1315513949621235
Lunch,Synchronized,35,44,10,6103.0,1545.0,0.2531541864656726,0.22727272727272727,0.02588145919294535
Lunch,Synchronized,36,56,10,8824.0,2081.0,0.23583408884859475,0.17857142857142858,0.05726266027716617
Lunch,Synchronized,37,53,10,7647.0,1713.0,0.22400941545704198,0.18867924528301888,0.035330170174023096
Lunch,Synchronized,38,46,10,6846.0,1565.0,0.22860064271107217,0.21739130434782608,0.011209338363246085
Lunch,Synchronized,39,64,10,12156.0,3510.0,0.288746298124383,0.15625,0.13249629812438302
Lunch,Synchronized,40,43,10,6726.0,2328.0,0.34611953612845675,0.23255813953488372,0.11356139659357303
Lunch,Synchronized,41,52,10,7822.0,1790.0,0.22884172845819484,0.19230769230769232,0.03653403615050252
Lunch,Synchronized,42,66,10,12023.0,3285.0,0.27322631622723115,0.15151515151515152,0.12171116471207963
Lunch,Synchronized,43,47,10,8026.0,1670.0,0.20807376027909294,0.2127659574468085,-0.004692197167715573
Lunch,Synchronized,44,49,10,8619.0,3039.0,0.35259310824921686,0.20408163265306123,0.14851147559615563
Lunch,Synchronized,45,47,10,6658.0,1460.0,0.2192850705917693,0.2127659574468085,0.006519113144960786
Lunch,Synchronized,46,36,10,6110.0,2829.0,0.4630114566284779,0.2777777777777778,0.18523367885070013
Lunch,Synchronized,47,50,10,6202.0,1581.0,0.25491776846178654,0.2,0.05491776846178653
Lunch,Synchronized,48,61,10,9262.0,1295.0,0.13981861369034765,0.16393442622950818,-0.024115812539160536
Lunch,Synchronized,49,48,10,9217.0,2848.0,0.30899424975588585,0.20833333333333334,0.10066091642255251
Lunch,Synchronized,50,47,10,8290.0,3043.0,0.36706875753920387,0.2127659574468085,0.15430280009239536
Lunch,Synchronized,51,38,10,7108.0,3977.0,0.5595104108047271,0.2631578947368421,0.296352516067885
Lunch,Synchronized,52,44,10,5960.0,1659.0,0.2783557046979866,0.22727272727272727,0.05108297742525933
Lunch,Synchronized,53,42,10,6043.0,1718.0,0.28429587953003477,0.23809523809523808,0.046200641434796685
Lunch,Synchronized,54,40,10,5022.0,1350.0,0.26881720430107525,0.25,0.018817204301075252
Lunch,Synchronized,55,48,10,9454.0,3957.0,0.41855299344192937,0.20833333333333334,0.21021966010859602
Lunch,Synchronized,56,40,10,5005.0,1730.0,0.34565434565434566,0.25,0.09565434565434566
Lunch,Synchronized,57,49,10,7811.0,1980.0,0.2534886698246063,0.20408163265306123,0.0494070371715451
Lunch,Synchronized,58,56,10,12118.0,5840.0,0.4819277108433735,0.17857142857142858,0.3033562822719449
Lunch,Synchronized,59,40,10,5241.0,1850.0,0.3529860713604274,0.25,0.10298607136042742
Lunch,Synchronized,60,53,10,8783.0,1592.0,0.18125925082545827,0.18867924528301888,-0.007419994457560614
Lunch,Synchronized,61,49,10,7442.0,1285.0,0.17266863746304756,0.20408163265306123,-0.03141299519001367
Lunch,Synchronized,62,46,10,6424.0,1700.0,0.2646326276463263,0.21739130434782608,0.0472413232985002
Lunch,Synchronized,63,49,10,7750.0,2405.0,0.3103225806451613,0.20408163265306123,0.10624094799210004
Lunch,Synchronized,64,42,10,6988.0,2220.0,0.31768746422438465,0.23809523809523808,0.07959222612914657
Lunch,Synchronized,65,52,10,8382.0,2195.0,0.26187067525650204,0.19230769230769232,0.06956298294880972
Lunch,Synchronized,66,49,10,8298.0,2117.0,0.2551217160761629,0.20408163265306123,0.05104008342310168
Lunch,Synchronized,67,48,10,5383.0,1365.0,0.2535760728218466,0.20833333333333334,0.045242739488513234
Lunch,Synchronized,68,49,10,6300.0,1575.0,0.25,0.20408163265306123,0.04591836734693877
Lunch,Synchronized,69,49,10,9081.0,1600.0,0.1761920493337738,0.20408163265306123,-0.027889583319287425
Lunch,Synchronized,70,49,10,8883.0,2415.0,0.2718676122931442,0.20408163265306123,0.06778597964008298
Lunch,Synchronized,71,47,10,7764.0,2080.0,0.2679031427099433,0.2127659574468085,0.0551371852631348
Lunch,Synchronized,72,50,10,8075.0,1673.0,0.20718266253869969,0.2,0.0071826625386996745
Lunch,Synchronized,73,50,10,8316.0,1565.0,0.1881914381914382,0.2,-0.011808561808561824
Lunch,Synchronized,74,53,7,9431.0,2025.0,0.21471742127027887,0.1320754716981132,0.08264194957216567
Lunch,Synchronized,75,34,10,4598.0,1915.0,0.4164854284471509,0.29411764705882354,0.12236778138832738
Lunch,Synchronized,76,39,10,4360.0,1160.0,0.26605504587155965,0.2564102564102564,0.00964478946130326
Lunch,Synchronized,77,49,10,6120.0,1615.0,0.2638888888888889,0.20408163265306123,0.059807256235827666
Lunch,Synchronized,78,45,10,5763.0,1020.0,0.17699115044247787,0.2222222222222222,-0.045231071779744336
Lunch,Synchronized,79,51,10,7158.0,1760.0,0.2458787370773959,0.19607843137254902,0.04980030570484689
Lunch,Synchronized,80,41,10,6217.0,1844.0,0.29660608010294354,0.24390243902439024,0.0527036410785533
Lunch,Synchronized,81,52,10,8867.0,1319.0,0.14875380624788542,0.19230769230769232,-0.043553886059806896
Lunch,Synchronized,82,52,10,7758.0,2158.0,0.27816447538025263,0.19230769230769232,0.08585678307256031
Lunch,Synchronized,83,59,10,9563.0,1500.0,0.15685454355327827,0.1694915254237288,-0.012636981870450537
Lunch,Synchronized,84,57,10,12144.0,3660.0,0.30138339920948615,0.17543859649122806,0.1259448027182581
Lunch,Synchronized,85,50,10,11017.0,3151.0,0.2860125260960334,0.2,0.08601252609603338
Lunch,Synchronized,86,50,10,7430.0,1998.0,0.26890982503364735,0.2,0.06890982503364734
Lunch,Synchronized,87,46,10,6229.0,1425.0,0.2287686627066945,0.21739130434782608,0.011377358358868411
Lunch,Synchronized,88,50,10,6022.0,1134.0,0.18830953171703754,0.2,-0.011690468282962468
Lunch,Synchronized,89,52,10,10288.0,1140.0,0.11080870917573872,0.19230769230769232,-0.0814989831319536
Lunch,Synchronized,90,54,10,8835.0,2400.0,0.27164685908319186,0.18518518518518517,0.08646167389800669
Lunch,Synchronized,91,53,10,8394.0,1435.0,0.17095544436502264,0.18867924528301888,-0.017723800917996246
Lunch,Synchronized,92,53,10,10404.0,4425.0,0.4253171856978085,0.18867924528301888,0.23663794041478964
Lunch,Synchronized,93,53,10,10057.0,1972.0,0.19608233071492492,0.18867924528301888,0.007403085431906042
Lunch,Synchronized,94,46,10,5865.0,1850.0,0.3154305200341006,0.21739130434782608,0.09803921568627452
Lunch,Synchronized,95,45,10,6923.0,2684.0,0.3876931965910732,0.2222222222222222,0.165470974368851
Lunch,Synchronized,96,49,10,7474.0,2268.0,0.30345196681830344,0.20408163265306123,0.09937033416524221
Lunch,Synchronized,97,51,10,8828.0,2830.0,0.32057091073855914,0.19607843137254902,0.12449247936601013
Lunch,Synchronized,98,44,9,6307.0,2930.0,0.4645631837640717,0.20454545454545456,0.2600177292186171
Lunch,Synchronized,99,48,10,7839.0,2131.0,0.27184589871157033,0.20833333333333334,0.06351256537823699
Lunch,Synchronized,100,62,10,10169.0,2608.0,0.25646572917691024,0.16129032258064516,0.09517540659626508
Lunch,Uniform,1,47,10,9738.0,620.0,0.06366810433353871,0.2127659574468085,-0.14909785311326978
Lunch,Uniform,2,46,10,5018.0,705.0,0.14049422080510163,0.21739130434782608,-0.07689708354272445
Lunch,Uniform,3,33,10,4017.0,1325.0,0.329848145382126,0.30303030303030304,0.02681784235182294
Lunch,Uniform,4,40,10,7025.0,1727.0,0.24583629893238435,0.25,-0.004163701067615655
Lunch,Uniform,5,47,10,6075.0,1000.0,0.1646090534979424,0.2127659574468085,-0.048156903948866125
Lunch,Uniform,6,51,10,6717.0,1500.0,0.2233139794551139,0.19607843137254902,0.02723554808256487
Lunch,Uniform,7,52,10,6428.0,855.0,0.13301182327317984,0.19230769230769232,-0.05929586903451248
Lunch,Uniform,8,38,10,3765.0,935.0,0.24833997343957503,0.2631578947368421,-0.014817921297267056
Lunch,Uniform,9,48,10,7948.0,1717.0,0.21602918973326624,0.20833333333333334,0.007695856399932893
Lunch,Uniform,10,42,10,6344.0,1067.0,0.1681904161412358,0.23809523809523808,-0.06990482195400227
Lunch,Uniform,11,42,10,6340.0,910.0,0.14353312302839116,0.23809523809523808,-0.09456211506684692
Lunch,Uniform,12,44,10,6660.0,1065.0,0.15990990990990991,0.22727272727272727,-0.06736281736281735
Lunch,Uniform,13,47,10,6692.0,1063.0,0.15884638374178123,0.2127659574468085,-0.053919573705027285
Lunch,Uniform,14,46,10,6274.0,1067.0,0.1700669429391138,0.21739130434782608,-0.04732436140871227
Lunch,Uniform,15,52,10,8654.0,910.0,0.10515368615669055,0.19230769230769232,-0.08715400615100177
Lunch,Uniform,16,50,10,6872.0,765.0,0.11132130384167636,0.2,-0.08867869615832365
Lunch,Uniform,17,49,10,6253.0,570.0,0.09115624500239884,0.20408163265306123,-0.11292538765066239
Lunch,Uniform,18,53,10,8435.0,1390.0,0.16478956727919383,0.18867924528301888,-0.02388967800382505
Lunch,Uniform,19,49,10,6495.0,1420.0,0.21862971516551194,0.20408163265306123,0.01454808251245071
Lunch,Uniform,20,51,9,7262.0,1434.0,0.19746626273753787,0.17647058823529413,0.02099567450224374
Lunch,Uniform,21,50,10,8257.0,1495.0,0.181058495821727,0.2,-0.018941504178273005
Lunch,Uniform,22,59,8,10937.0,531.0,0.04855079089329798,0.13559322033898305,-0.08704242944568508
Lunch,Uniform,23,45,10,8110.0,2311.0,0.28495684340320593,0.2222222222222222,0.06273462118098372
Lunch,Uniform,24,44,10,5972.0,1082.0,0.181178834561286,0.22727272727272727,-0.046093892711441264
Lunch,Uniform,25,51,10,6486.0,1317.0,0.2030527289546716,0.19607843137254902,0.0069742975821225905
Lunch,Uniform,26,46,10,6759.0,1723.0,0.2549193667702323,0.21739130434782608,0.03752806242240622
Lunch,Uniform,27,45,10,7505.0,2031.0,0.27061958694203864,0.2222222222222222,0.04839736471981643
Lunch,Uniform,28,47,10,6344.0,1260.0,0.19861286254728877,0.2127659574468085,-0.014153094899519741
Lunch,Uniform,29,38,10,5326.0,565.0,0.10608336462636124,0.2631578947368421,-0.15707453011048084
Lunch,Uniform,30,46,10,5159.0,975.0,0.1889901143632487,0.21739130434782608,-0.028401189984577385
Lunch,Uniform,31,47,8,6116.0,875.0,0.14306736429038588,0.1702127659574468,-0.02714540166706092
Lunch,Uniform,32,51,10,9522.0,1669.0,0.17527830287754673,0.19607843137254902,-0.02080012849500229
Lunch,Uniform,33,49,10,7417.0,1596.0,0.21518134016448698,0.20408163265306123,0.01109970751142575
Lunch,Uniform,34,53,9,8218.0,1655.0,0.20138719883183256,0.16981132075471697,0.03157587807711559
Lunch,Uniform,35,44,10,5584.0,1046.0,0.1873209169054441,0.22727272727272727,-0.03995181036728315
Lunch,Uniform,36,51,10,8715.0,1555.0,0.17842799770510614,0.19607843137254902,-0.017650433667442872
Lunch,Uniform,37,51,10,7128.0,812.0,0.11391694725028058,0.19607843137254902,-0.08216148412226844
Lunch,Uniform,38,46,10,5638.0,845.0,0.14987584249733948,0.21739130434782608,-0.0675154618504866
Lunch,Uniform,39,63,10,11283.0,1803.0,0.15979792608348845,0.15873015873015872,0.0010677673533297238
Lunch,Uniform,40,43,10,6555.0,1550.0,0.23646071700991608,0.23255813953488372,0.003902577475032365
Lunch,Uniform,41,46,10,6518.0,870.0,0.13347652654188402,0.21739130434782608,-0.08391477780594206
Lunch,Uniform,42,66,10,11408.0,2277.0,0.19959677419354838,0.15151515151515152,0.04808162267839686
Lunch,Uniform,43,48,10,7774.0,800.0,0.10290712631849755,0.20833333333333334,-0.1054262070148358
Lunch,Uniform,44,49,8,7793.0,1796.0,0.23046323623764917,0.16326530612244897,0.0671979301152002
Lunch,Uniform,45,48,10,6023.0,530.0,0.08799601527478002,0.20833333333333334,-0.12033731805855333
Lunch,Uniform,46,36,10,5609.0,2024.0,0.3608486361205206,0.2777777777777778,0.0830708583427428
Lunch,Uniform,47,45,10,6403.0,1377.0,0.2150554427612057,0.2222222222222222,-0.007166779461016515
Lunch,Uniform,48,61,10,10499.0,1287.0,0.12258310315268121,0.16393442622950818,-0.04135132307682697
Lunch,Uniform,49,46,10,6714.0,1554.0,0.23145665773011617,0.21739130434782608,0.014065353382290091
Lunch,Uniform,50,46,10,5932.0,1722.0,0.29028995279838166,0.21739130434782608,0.07289864845055558
Lunch,Uniform,51,39,10,5698.0,1422.0,0.24956124956124956,0.2564102564102564,-0.006849006849006828
Lunch,Uniform,52,42,10,5437.0,1475.0,0.27128931395990435,0.23809523809523808,0.03319407586466627
Lunch,Uniform,53,42,10,5628.0,1603.0,0.2848258706467662,0.23809523809523808,0.046730632551528095
Lunch,Uniform,54,38,10,6096.0,620.0,0.10170603674540682,0.2631578947368421,-0.16145185799143527
Lunch,Uniform,55,46,10,6006.0,1700.0,0.28305028305028307,0.21739130434782608,0.06565897870245699
Lunch,Uniform,56,37,10,4302.0,785.0,0.18247326824732682,0.2702702702702703,-0.08779700202294347
Lunch,Uniform,57,49,10,6758.0,1413.0,0.20908552826279964,0.20408163265306123,0.005003895609738407
Lunch,Uniform,58,54,10,8226.0,1783.0,0.21675176270362265,0.18518518518518517,0.03156657751843747
Lunch,Uniform,59,40,10,5695.0,1635.0,0.2870939420544337,0.25,0.037093942054433726
Lunch,Uniform,60,54,10,7847.0,700.0,0.08920606601248884,0.18518518518518517,-0.09597911917269633
Lunch,Uniform,61,49,10,5893.0,965.0,0.16375360597318853,0.20408163265306123,-0.0403280266798727
Lunch,Uniform,62,45,10,5710.0,1003.0,0.17565674255691768,0.2222222222222222,-0.04656547966530453
Lunch,Uniform,63,49,10,7105.0,1320.0,0.18578465869106264,0.20408163265306123,-0.018296973961998586
Lunch,Uniform,64,40,9,6277.0,1570.0,0.25011948382985505,0.225,0.025119483829855044
Lunch,Uniform,65,52,10,6793.0,1341.0,0.19740909760047107,0.19230769230769232,0.005101405292778749
Lunch,Uniform,66,48,10,7310.0,1305.0,0.17852257181942544,0.20833333333333334,-0.029810761513907907
Lunch,Uniform,67,47,10,5713.0,830.0,0.14528268860493612,0.2127659574468085,-0.06748326884187239
Lunch,Uniform,68,51,10,7477.0,685.0,0.09161428380366457,0.19607843137254902,-0.10446414756888445
Lunch,Uniform,69,46,10,7282.0,948.0,0.13018401538039,0.21739130434782608,-0.08720728896743607
Lunch,Uniform,70,49,10,8588.0,1755.0,0.2043549138332557,0.20408163265306123,0.00027328118019448455
Lunch,Uniform,71,48,10,6030.0,970.0,0.16086235489220563,0.20833333333333334,-0.047470978441127715
Lunch,Uniform,72,50,10,8180.0,1469.0,0.1795843520782396,0.2,-0.0204156479217604
Lunch,Uniform,73,47,10,6824.0,730.0,0.10697538100820633,0.2127659574468085,-0.10579057643860218
Lunch,Uniform,74,52,8,9345.0,1963.0,0.21005885500267524,0.15384615384615385,0.05621270115652138
Lunch,Uniform,75,35,10,4532.0,1546.0,0.3411297440423654,0.2857142857142857,0.0554154583280797
Lunch,Uniform,76,39,10,4783.0,775.0,0.1620321973656701,0.2564102564102564,-0.0943780590445863
Lunch,Uniform,77,51,10,6739.0,775.0,0.11500222584953257,0.19607843137254902,-0.08107620552301645
Lunch,Uniform,78,45,10,6945.0,1638.0,0.23585313174946004,0.2222222222222222,0.013630909527237833
Lunch,Uniform,79,51,10,7276.0,1135.0,0.15599230346344145,0.19607843137254902,-0.040086127909107566
Lunch,Uniform,80,42,10,6556.0,1851.0,0.28233679072605244,0.23809523809523808,0.04424155263081436
Lunch,Uniform,81,53,10,7138.0,690.0,0.0966657326982348,0.18867924528301888,-0.09201351258478409
Lunch,Uniform,82,50,10,8114.0,1828.0,0.22528962287404486,0.2,0.025289622874044848
Lunch,Uniform,83,59,10,9707.0,944.0,0.09724940764396826,0.1694915254237288,-0.07224211777976054
Lunch,Uniform,84,56,10,10731.0,2244.0,0.2091137824993011,0.17857142857142858,0.030542353927872523
Lunch,Uniform,85,47,10,8315.0,2237.0,0.26903187011425134,0.2127659574468085,0.056265912667442824
Lunch,Uniform,86,50,10,6556.0,1025.0,0.15634533251982916,0.2,-0.043654667480170856
Lunch,Uniform,87,47,10,6214.0,1010.0,0.16253620856131315,0.2127659574468085,-0.05022974888549536
Lunch,Uniform,88,48,10,5278.0,450.0,0.08525956801818871,0.20833333333333334,-0.12307376531514463
Lunch,Uniform,89,48,10,7923.0,1093.0,0.13795279565821028,0.20833333333333334,-0.07038053767512306
Lunch,Uniform,90,54,10,8217.0,1255.0,0.15273214068394791,0.18518518518518517,-0.03245304450123726
Lunch,Uniform,91,46,10,7970.0,1077.0,0.13513174404015058,0.21739130434782608,-0.0822595603076755
Lunch,Uniform,92,53,10,7495.0,795.0,0.10607071380920614,0.18867924528301888,-0.08260853147381274
Lunch,Uniform,93,50,10,9129.0,1633.0,0.17888049074378354,0.2,-0.021119509256216473
Lunch,Uniform,94,46,10,5604.0,1245.0,0.2221627408993576,0.21739130434782608,0.004771436551531533
Lunch,Uniform,95,45,10,5069.0,1167.0,0.23022292365358057,0.2222222222222222,0.008000701431358365
Lunch,Uniform,96,47,10,6539.0,1158.0,0.17709129836366416,0.2127659574468085,-0.03567465908314435
Lunch,Uniform,97,50,10,7421.0,1521.0,0.20495890041773346,0.2,0.004958900417733447
Lunch,Uniform,98,43,10,5894.0,1587.0,0.2692568713946386,0.23255813953488372,0.03669873185975489
Lunch,Uniform,99,48,10,6880.0,1365.0,0.19840116279069767,0.20833333333333334,-0.009932170542635677
Lunch,Uniform,100,62,10,7641.0,1000.0,0.130872922392357,0.16129032258064516,-0.030417400188288146
